,Дата,Наименование,Группа,Код,Стоимость услуги,Наименование лаборатории
0,2023-12-04 22:42:29,"Антитела IgE к аллергену Овсянницы луговой (Festuca elatior), (g4)   ",Аллергологические анализы,,980,БудьЗдоров
1,2023-12-04 22:42:29,"Антитела IgE к аллергену Мятлика   лугового (Poa pratensis), (g8)            ",Аллергологические анализы,,980,БудьЗдоров
2,2023-12-04 22:42:29,"Антитела IgE к аллергену Клеща-дерматофага перинного (Dermatophagoides pteronyssinus), (d1)        ",Аллергологические анализы,,980,БудьЗдоров
3,2023-12-04 22:42:29,"Антитела IgE к аллергену Клеща-дерматофаго мучного (Dermatophagoides farinae), (d2)",Аллергологические анализы,,980,БудьЗдоров
4,2023-12-04 22:42:29,"Антитела IgE к аллергену Домашней пыли, (H1)          ",Аллергологические анализы,,980,БудьЗдоров
5,2023-12-04 22:42:29,"Антитела IgE к аллергену Пшеницы, f4 (ImmunoCAP)",Аллергологические анализы,,1 190,БудьЗдоров
6,2023-12-04 22:42:29,"Антитела IgE к аллергену Молока, f2 (ImmunoCAP)",Аллергологические анализы,,1 190,БудьЗдоров
7,2023-12-04 22:42:29,"Антитела IgE к аллергену Яйца, f245 (ImmunoCAP)",Аллергологические анализы,,1 430,БудьЗдоров
8,2023-12-04 22:42:29,"Антитела IgE к аллергену Собаки, перхоть, e5 (ImmunoCAP)",Аллергологические анализы,,1 190,БудьЗдоров
9,2023-12-04 22:42:29,"Антитела IgE к аллергену Кошки, перхоть, e1 (ImmunoCAP)",Аллергологические анализы,,1 190,БудьЗдоров
10,2023-12-04 22:42:29,"Антитела IgE к аллергену Клеща домашней пыли Dermatophagoides pteronyssinus, d1 (ImmunoCAP)",Аллергологические анализы,,1 190,БудьЗдоров
11,2023-12-04 22:42:29,"Антитела IgE к аллергену Клеща домашней пыли D.farinae, d2 (ImmunoCAP)",Аллергологические анализы,,1 190,БудьЗдоров
12,2023-12-04 22:42:29,"Антитела IgE к аллергену Берёзы, t3 (ImmunoCAP)",Аллергологические анализы,,1 430,БудьЗдоров
13,2023-12-04 22:42:29,Исследование уровня общего иммуноглобулина E в крови,Аллергологические анализы,,755,БудьЗдоров
14,2023-12-04 22:42:29,Исследование уровня эозинофильного катионного белка в крови,Аллергологические анализы,,1 025,БудьЗдоров
15,2023-12-04 22:42:29,"Антитела IgE к панели аллергенов микроскопических грибов МP1: M1/penicillium notatum, M2/cladosporium herbarum, M3/aspergillus fumigatus, M5/candida albicans, M6/alternaria tenuis/Mold Panel 1 (m1,m2,m3,m5,m6)",Аллергологические анализы,,630,БудьЗдоров
16,2023-12-04 22:42:29,"Антитела IgE к панели аллергенов HP1:H1/домашняя пыль (greer), D1/dermatophagoides pteronyssinus, D2/dermatophagoides farinae, I6/таракан-прусак/Dust Panel 1 (h1, d1, d2, i6)",Аллергологические анализы,,630,БудьЗдоров
17,2023-12-04 22:42:29,"Антитела IgE к панели аллергенов деревьев TP9: T2/ольха, T3/береза, T4/лещина обыкновенная, T7/дуб, T12/ива/Tree Panel 9 (t2,t3,t4,t7,t12)",Аллергологические анализы,,1 140,БудьЗдоров
18,2023-12-04 22:42:29,"Антитела IgE к панели аллергенов травы GP1:G3/ежа сборная, G4/овсяница луговая, G5/рожь многолетняя, G6/тимофеевка, G8/мятлик луговой/Grass Panel 1 (g3,g4,g5,g6,g8)",Аллергологические анализы,,1 140,БудьЗдоров
19,2023-12-04 22:42:29,Антитела IgE к аллергену Кошки rFel d 1,Аллергологические анализы,,2 345,БудьЗдоров
20,2023-12-04 22:42:29,"Панель №1 IgE (Молоко коровье, молоко козье, молоко овечье, сыр, творог, сметана, йогурт, кефир)",Аллергологические анализы,,970,БудьЗдоров
21,2023-12-04 22:42:29,Фадиатоп IgE (ImmunoCAP),Аллергологические анализы,,2 250,БудьЗдоров
22,2023-12-04 22:42:29,"Антитела IgE к панели аллергенов сорных растений и цветов WP1: W1/амброзия обыкновенная, W6/полынь обыкновенная, W9/подорожник, W10/мари белая, W11/зольник/cолянка/Weed Panel 1 (w1,w6,w9,w10,w11)",Аллергологические анализы,,1 140,БудьЗдоров
23,2023-12-04 22:42:29,"Панель бытовых аллергенов №1 (8 аллергенов) (домашняя пыль, перо подушки, шерсть кошки, шерсть собаки, шерсть овцы, клещ D.pteroniss, клещ D.farina, библиотечная пыль)",Аллергологические анализы,,970,БудьЗдоров
24,2023-12-04 22:42:29,"Панель №2 IgE (Пшеничная мука, ржаная мука, рис, гречка, овес, перловая крупа, пшено, ячмень)",Аллергологические анализы,,970,БудьЗдоров
25,2023-12-04 22:42:29,"Панель №3 IgE (Фасоль (бобы), горох, чечевица, кукуруза, дрожжи пекарские, белок куриного яйца, желток куриного яйца, яйцо перепелиное)",Аллергологические анализы,,970,БудьЗдоров
26,2023-12-04 22:42:29,"Панель №30 IgE (Тилапия, ставрида, барабулька, сибас, толстолобик, хамса, мойва, сардины)",Аллергологические анализы,,1 035,БудьЗдоров
27,2023-12-04 22:42:29,"Панель №4 IgE (Говядина, телятина, свинина, баранина, курица, индейка, утка, гусь)",Аллергологические анализы,,970,БудьЗдоров
28,2023-12-04 22:42:29,"Панель №18 IgE (Кофе, чай черный, чай зеленый, каркадэ, мед, шоколад, соя, клейковина)",Аллергологические анализы,,970,БудьЗдоров
29,2023-12-04 22:42:29,"Определение чувствительности к аллергену клейковины (Глютен) (Антитела IgE, технология Immulite)",Аллергологические анализы,,630,БудьЗдоров
30,2023-12-04 22:42:29,"Определение чувствительности к аллергену кукурузной муки (Антитела IgE, технология Immulite)",Аллергологические анализы,,630,БудьЗдоров
31,2023-12-04 22:42:29,Антитела IgE к аллергену Aspergillus niger/Aspergillus niger,Аллергологические анализы,,500,БудьЗдоров
32,2023-12-04 22:42:29,Антитела IgE к аллергену Собаки rCan f 1,Аллергологические анализы,,2 970,БудьЗдоров
33,2023-12-04 22:42:29,Антитела IgE к аллергену Берёзы rBet v 1 PR-10,Аллергологические анализы,,2 545,БудьЗдоров
34,2023-12-04 22:42:29,"Антитела IgE к панели аллергенов FP5:F1/яичный белок, F2/коровье молоко, F3/треска, F4/пшеничная мука, F13/арахис, F14/соевые бобы/Food Panel 5 (f1, f2, f3, f4, f13, f14)",Аллергологические анализы,,835,БудьЗдоров
35,2023-12-04 22:42:29,"Панель грибковых аллергенов (8 аллергенов) (Alternaria tenuis, Mucor pusilus, Aspergillus niger, Cladosporum herbarum, Penicillum chris., Penicillum expansum, Candida albicans, Fusarium oxispora)",Аллергологические анализы,,970,БудьЗдоров
36,2023-12-04 22:42:29,"Панель травы и деревья (8 аллергенов) (береза, орешник, ольха, тимофеевка, ежа сборная, овсяница, полынь, лебеда)",Аллергологические анализы,,905,БудьЗдоров
37,2023-12-04 22:42:29,"Антитела IgE к панели аллергенов EP1:Е1/эпителий кошки, Е3/перхоть лошади, Е4/перхоть коровы, Е5/перхоть собаки/Animal Panel 1 (e1, e3, e4, e5)",Аллергологические анализы,,1 140,БудьЗдоров
38,2023-12-04 22:42:29,"Панель №13 IgE (Апельсин, грейпфрут, мандарин, лимон, лайм, помело, яблоко, груша)",Аллергологические анализы,,970,БудьЗдоров
39,2023-12-04 22:42:29,Фадиатоп детский IgE (ImmunoCAP),Аллергологические анализы,,4 495,БудьЗдоров
40,2023-12-04 22:42:29,"Панель лекарственных аллергенов IgЕ к анестетикам (новокаину, лидокаину, брилокаину, мепивакаину, убистезину, ультракаину, сканданесту, септанесту)",Аллергологические анализы,,1 740,БудьЗдоров
41,2023-12-04 22:42:29,"Панель №17 IgE (Арахис, миндаль, фундук, грецкий орех, фисташки, кедровый орех, кешью, подсолнечник)",Аллергологические анализы,,970,БудьЗдоров
42,2023-12-04 22:42:29,"Антитела IgE к панели аллергенов FP7:F1/яичный белок, F2/коровье молоко, F4/пшеничная мука, F9/рис, F13/арахис, F14/соевые бобы/Food Panel 7 (f1, f2, f4, f9, f13, f14)",Аллергологические анализы,,1 140,БудьЗдоров
43,2023-12-04 22:42:29,"Антитела IgE к аллергену Казеина, коровье молоко, аллергокомпонент nBos d8, f78",Аллергологические анализы,,2 545,БудьЗдоров
44,2023-12-04 22:42:29,"Панель №10 IgE (Картофель, морковь, свекла, помидор, перец сладкий, огурец, кабачок, баклажан)",Аллергологические анализы,,970,БудьЗдоров
45,2023-12-04 22:42:29,"Антитела IgE к панели ингаляционных аллергенов IP8: D1/клещ-дерматофаг перинный, E1/эпителий кошки, E5/перхоть собаки, G6/тимофеевка, G12/рожь культивированная, M2/cladosporum herbarum, T3/береза, W6/полынь обыкновенная/Inhalant Panel 8 (d1,e1,e5,g6,g12,m",Аллергологические анализы,,1 140,БудьЗдоров
46,2023-12-04 22:42:29,Антитела IgE к аллергену Овальбумина яйца nGal d 2,Аллергологические анализы,,1 120,БудьЗдоров
47,2023-12-04 22:42:29,"Панель №5 IgE (Треска, хек, морской окунь, камбала, семга, форель, сельдь, палтус)",Аллергологические анализы,,970,БудьЗдоров
48,2023-12-04 22:42:29,"Антитела IgE к аллергену Альфа-лактальбумина, аллергокомпонент, f76 nBos d4",Аллергологические анализы,,2 355,БудьЗдоров
49,2023-12-04 22:42:29,Антитела IgE к аллергену Овомукоида яйца nGal d 1,Аллергологические анализы,,1 120,БудьЗдоров
50,2023-12-04 22:42:29,"Антитела IgE к аллергену Бета-лактоглобулина, аллергокомпонент, f77 nBos d5",Аллергологические анализы,,2 545,БудьЗдоров
51,2023-12-04 22:42:29,"Панель №32 IgE (Вино белое, вино красное, вино розовое, коньяк, виски, водка, пиво ячменное, дрожжи пивные)",Аллергологические анализы,,1 035,БудьЗдоров
52,2023-12-04 22:42:29,"Антитела IgE к аллергену Берёзы rBet v 2, rBet v 4",Аллергологические анализы,,2 050,БудьЗдоров
53,2023-12-04 22:42:29,"Панель №15 IgE (Ананас, манго, киви, банан, хурма, гранат, виноград зеленый, виноград красный)",Аллергологические анализы,,970,БудьЗдоров
54,2023-12-04 22:42:29,"Панель ""Лекарственные средства"" Ig E 16 (бисептол, кеторол, ацетилсалициловая кислота, парацетамол, ципрофлоксацин, амоксицилин, азитромицин, метронидазол, амикацин, линкомицин, цефазолин, анальгин, диклофенак, ультракаин, септанест, убистезин)",Аллергологические анализы,,3 605,БудьЗдоров
55,2023-12-04 22:42:29,"Антитела IgE к панели клещевых аллергенов DP1: D1/клещ-дерматофаг перинный, D2/клещ-дерматофаг мучной, D3/dermatophagoides microceras, D71/lepidoglyphus destructor, D72/tyrophagus putrescentiae, D73/glycyphagus domesticus, D74/euroglyphus maynel, D201/bl",Аллергологические анализы,,1 140,БудьЗдоров
56,2023-12-04 22:42:29,Антитела IgE к аллергену Собаки rCan f 2,Аллергологические анализы,,2 600,БудьЗдоров
57,2023-12-04 22:42:29,"Панель бытовых аллергенов №2 (8 аллергенов) (вата, латекс, рыжий таракан, шерсть морской свинки, шерсть кролика, перхоть лошади, перо волнистого попугая, дафния (корм для рыб)",Аллергологические анализы,,970,БудьЗдоров
58,2023-12-04 22:42:29,"Панель №8 IgE (Морская соль, сахар, фруктоза, соль поваренная, тростниковый сахар, красный острый перец, черный перец, соль с пониженным содержанием натрия)",Аллергологические анализы,,970,БудьЗдоров
59,2023-12-04 22:42:29,"Панель травы и деревья №3 (8 аллергенов) (микст деревьев, микст луговых трав, микст сорных трав, конопля, крапива, ромашка аптечная, яд осы, яд пчелы)",Аллергологические анализы,,905,БудьЗдоров
60,2023-12-04 22:42:29,"Антитела IgE к панели аллергенов IP3:D1/derma pteronyssinus, E1/эпителий кошки, E2/эпителий собаки, M3/aspergillus fumigatus/Inhalant Panel 3 (d1, e1, e2, m3)",Аллергологические анализы,,1 140,БудьЗдоров
61,2023-12-04 22:42:29,"Панель №16 IgE (Вишня, малина, клубника, клюква, красная и черная смородина, крыжовник, черника)",Аллергологические анализы,,970,БудьЗдоров
62,2023-12-04 22:42:29,"Панель №7 IgE (Кролик, конина, креветки, крабы, кальмары, мидии, морской гребешок, морская капуста)",Аллергологические анализы,,970,БудьЗдоров
63,2023-12-04 22:42:29,"Аллергопанель IP1:G3/ежа сборная, G6 /тимофеевка, T17/японский кедр, W1/амброзия обыкновенная, W6/полынь обыкновенная/Inhalant Panel 1 (g3, g6, t17, w1, w6)",Аллергологические анализы,,1 140,БудьЗдоров
64,2023-12-04 22:42:29,"Антитела IgE к панели аллергенов FP15:F33/апельсин, F49/яблоко, F92/бананы, F95/персик/Food Panel 15 (f33, f49, f92, f95)",Аллергологические анализы,,835,БудьЗдоров
65,2023-12-04 22:42:29,"Панель травы и деревья №2 (8 аллергенов) (дуб, цветы сирени, лисохвост, подсолнечник, амброзия, одуванчик, пырей, мятлик)",Аллергологические анализы,,905,БудьЗдоров
66,2023-12-04 22:42:29,"Антитела IgE к панели аллергенов FP1:F13/арахис, F17/фундук, F18/бразильский орех, F20/миндаль, F36/кокос/Food Panel 1 (f13, f17, f18, f20, f36)",Аллергологические анализы,,835,БудьЗдоров
67,2023-12-04 22:42:29,"Панель №14 IgE (Абрикос, персик, слива, инжир, финики, арбуз, дыня, айва)",Аллергологические анализы,,970,БудьЗдоров
68,2023-12-04 22:42:29,"Антитела IgE к панели аллергенов FP73:F26/свинина, F27говядина, F83/куриное мясо, F88/баранина/Food Panel 73 (f26, f27, f83, f88)",Аллергологические анализы,,1 140,БудьЗдоров
69,2023-12-04 22:42:29,"Аллергочип, ImmunoCAP ISAC, 112 компонентов",Аллергологические анализы,,34 000,БудьЗдоров
70,2023-12-04 22:42:29,"Антитела IgE к ингаляционной панели аллергенов IP6:G6/тимофеевка, M2/cladosporium herbarum,M6/alternaria tenuis, T3/береза, W6/полынь обыкновенная/Inhalant Panel 6 (g6, m2, m6, t3, w6)",Аллергологические анализы,,1 140,БудьЗдоров
71,2023-12-04 22:42:29,"Определение чувствительности к аллергену пшеничной муки (Антитела IgE, технология Immulite)",Аллергологические анализы,,630,БудьЗдоров
72,2023-12-04 22:42:29,"Антитела IgE к панели пищевых аллергенов FP26: F1/яичный белок, F2/молоко, F13/арахис, F89/горчица/Food Panel 26 (f1,f2,f13,f89)",Аллергологические анализы,,1 615,БудьЗдоров
73,2023-12-04 22:42:29,"Антитела IgE к панели аллергенов FP3:F4/пшеничная мука, F7/овсяная мука, F8/кукурузная мука, F10/кунжут, F11/гречневая мука/Food Panel 3 (f4, f7, f8, f10, f11)",Аллергологические анализы,,1 140,БудьЗдоров
74,2023-12-04 22:42:29,Антитела IgE к аллергену Alternaria alternata,Аллергологические анализы,,2 160,БудьЗдоров
75,2023-12-04 22:42:29,"Панель №9 IgE (Базилик, петрушка, кинза, укроп, лук репчатый, лук зеленый, чеснок, лук порей)",Аллергологические анализы,,970,БудьЗдоров
76,2023-12-04 22:42:29,"Панель №23 IgE (Речная форель, рыба сиг, дорада, икра красная, раки, лангуст, устрицы, осьминог)",Аллергологические анализы,,970,БудьЗдоров
77,2023-12-04 22:42:29,"Панель №19 IgE (Камамбер, моцарелла, сыр «Дор Блю», козий сыр, овечья брынза, сыр «Ольтермани», ряженка, яйцо цесарки)",Аллергологические анализы,,970,БудьЗдоров
78,2023-12-04 22:42:29,"Антитела IgE к панели аллергенов деревьев TP1:T1/клен ясенелистый, T3/береза, T7/дуб, T8/вяз, T10/грецкий орех/Tree Panel 1 (t1, t3, t7, t8, t10)",Аллергологические анализы,,1 140,БудьЗдоров
79,2023-12-04 22:42:29,"Антитела IgE к ингаляционной панели аллергенов IP7:D1/derma pteronyssinus, E1/эпителий кошки, E3/перхоть лошади, E5/перхоть собаки, E82/эпителий кролика/Inhalant Panel 7 (d1, e1, e3, e5, e82)",Аллергологические анализы,,1 140,БудьЗдоров
80,2023-12-04 22:42:29,Антитела IgE к аллергену Лизоцима яйца nGal d 4,Аллергологические анализы,,1 120,БудьЗдоров
81,2023-12-04 22:42:29,"Антитела IgE к панели аллергенов EP70:E6/эпителий морской свинки, E82/эпителий кролика, E84/хомяк, E87/крыса, E88/мышь/Animal Panel 70 (e6, e82, e84, e87, e88)",Аллергологические анализы,,1 140,БудьЗдоров
82,2023-12-04 22:42:29,Антитела IgE к аллергену Кональбумина яйца nGal d 3,Аллергологические анализы,,820,БудьЗдоров
83,2023-12-04 22:42:29,"Панель №11 IgE (Капуста белая, красная, брюссельская, брокколи, цветная, китайская, кольраби, салат зеленый)",Аллергологические анализы,,970,БудьЗдоров
84,2023-12-04 22:42:29,Антитела IgE к аллергену Полыни nArt v 1,Аллергологические анализы,,2 545,БудьЗдоров
85,2023-12-04 22:42:29,"Панель бактериальных аллергенов (8 аллергенов) (St.pyogenus, St. pneumonia, S.aureus, E.coli, Proteus vulgaris, Ps.aeruginosa, Klebsiella pneumonia, Br.cataralis)",Аллергологические анализы,,970,БудьЗдоров
86,2023-12-04 22:42:29,"Панель №6 IgE (Сазан, карп, щука, судак, кефаль, ледяная рыба, пикша, осетр)",Аллергологические анализы,,970,БудьЗдоров
87,2023-12-04 22:42:29,"Панель №22 IgE (Речной окунь, сом, лещ, кета, лосось, горбуша, скумбрия, навага)",Аллергологические анализы,,970,БудьЗдоров
88,2023-12-04 22:42:29,"Панель №12 IgE (Редис, редька зеленая, тыква, шпинат, сельдерей, авокадо, оливки, шампиньоны)",Аллергологические анализы,,970,БудьЗдоров
89,2023-12-04 22:42:29,"Определение чувствительности к аллергену мяса цыпленка (Антитела IgE, технология Immulite)",Аллергологические анализы,,630,БудьЗдоров
90,2023-12-04 22:42:29,"Антитела IgE к панели аллергенов FP51:F25/помидоры, F31/морковь, F35/картофель, F47/чеснок, F89/горчица/Food Panel 51 (f25, f31, f35, f47, f89)",Аллергологические анализы,,1 140,БудьЗдоров
91,2023-12-04 22:42:29,"Антитела IgE к аллергену Tимофеевки луговой rPhl p 7, rPhl p 12",Аллергологические анализы,,2 195,БудьЗдоров
92,2023-12-04 22:42:29,Антитела IgE к аллергену Tимофеевки луговой,Аллергологические анализы,,2 195,БудьЗдоров
93,2023-12-04 22:42:29,"Определение чувствительности к аллергену овсяной муки (Антитела IgE, технология Immulite)",Аллергологические анализы,,630,БудьЗдоров
94,2023-12-04 22:42:29,"Антитела IgE к панели аллергенов FP13:F12/горох, F15/белая фасоль, F31/морковь, F35/картофель/Food Panel 13 (f12, f15, f31, f35)",Аллергологические анализы,,835,БудьЗдоров
95,2023-12-04 22:42:29,Антитела IgE к аллергену пчелиного яда/Honey Bee Venom (Apis mellifera)l,Аллергологические анализы,,1 120,БудьЗдоров
96,2023-12-04 22:42:29,"Антитела IgE к аллергену Бычьего сывороточного альбумина, аллергокомпонент, e204 nBos d6",Аллергологические анализы,,2 625,БудьЗдоров
97,2023-12-04 22:42:29,Антитела IgE к аллергену Амброзии nAmb a 1,Аллергологические анализы,,2 195,БудьЗдоров
98,2023-12-04 22:42:29,"Панель №24 IgE (Желатин, розмарин, лавровый лист, гвоздика, тмин, ваниль, корица, имбирь)",Аллергологические анализы,,970,БудьЗдоров
99,2023-12-04 22:42:29,"Определение чувствительности к аллергену говядины (Антитела IgE, технология Immulite)",Аллергологические анализы,,630,БудьЗдоров
100,2023-12-04 22:42:29,"Антитела IgE к панели ингаляционных аллергенов IP9: E1/кошка (эпителий), E5/собака (перхоть), G4/овсяница луговая, M6/alternaria tenuis, W9/подорожник (plantago lanceolata)/Inhalant PanelI 9 (e1,e5,g4,m6,w9)",Аллергологические анализы,,1 140,БудьЗдоров
101,2023-12-04 22:42:29,"Антитела IgE к панели аллергенов деревьев TP5:T2/ольха, T4/лещина обыкновенная, T8/вяз, T12/ива белая, T14/тополь/Tree Panel 5 (t2,t4,t8,t12,t14)",Аллергологические анализы,,1 140,БудьЗдоров
102,2023-12-04 22:42:29,Антитела IgE к аллергену яда осиного/Paper wasp Venom (Polistes spp.),Аллергологические анализы,,1 120,БудьЗдоров
103,2023-12-04 22:42:29,"Панель травы и деревья №4 (8 аллергенов) (клён, ясень, рожь, цветы акации, цветы каштана конского, жасмин, ель обыкновенная, цветы лютика)",Аллергологические анализы,,905,БудьЗдоров
104,2023-12-04 22:42:29,"Панель №29 IgE (Цвет липы, шиповник, бессмертник, зверобой, ромашка, мята, жасмин, матэ)",Аллергологические анализы,,970,БудьЗдоров
105,2023-12-04 22:42:29,"Панель №27 IgE (Земляника, брусника, голубика, ежевика, черешня, папайя, маракуйя, мангостин)",Аллергологические анализы,,970,БудьЗдоров
106,2023-12-04 22:42:29,"Определение чувствительности к аллергену гречневой муки (Антитела IgE, технология Immulite)",Аллергологические анализы,,630,БудьЗдоров
107,2023-12-04 22:42:29,"Антитела IgE к панели пищевых аллергенов FP24: F17/фундук, F24/креветки, F84/киви, F92/банан/Food Panel 24 (f17,f24,f84,f92)",Аллергологические анализы,,1 140,БудьЗдоров
108,2023-12-04 22:42:29,Антитела IgE к аллергену яда осиного/Yellow Jacket Venom (Vespula spp.),Аллергологические анализы,,1 120,БудьЗдоров
109,2023-12-04 22:42:29,"Антитела IgE к аллергену амброзии смешанной/Ragweed Mix (Common, Western, Giant) (Ambrosia artemisiifolia Heterocera spp.)",Аллергологические анализы,,500,БудьЗдоров
110,2023-12-04 22:42:29,"Панель №25 IgE (Салат корн, салат рукола, салат латук, салат «Айсберг», щавель, спаржа, тархун, хрен)",Аллергологические анализы,,970,БудьЗдоров
111,2023-12-04 22:42:29,"Определение чувствительности к аллергену риса (Антитела IgE, технология Immulite)",Аллергологические анализы,,630,БудьЗдоров
112,2023-12-04 22:42:29,"Определение чувствительности к аллергену мяса индейки (Антитела IgE, технология Immulite)",Аллергологические анализы,,630,БудьЗдоров
113,2023-12-04 22:42:29,"Панель №20 IgE (Оленина, мясо лося, мясо кабана, перепелка, белые грибы, опята, лисички, вешанки)",Аллергологические анализы,,970,БудьЗдоров
114,2023-12-04 22:42:29,"Определение чувствительности к аллергену ржаной муки (Антитела IgE, технология Immulite)",Аллергологические анализы,,630,БудьЗдоров
115,2023-12-04 22:42:29,"Определение чувствительности к аллергену баранины (Антитела IgЕ, технология Immulite)",Аллергологические анализы,,630,БудьЗдоров
116,2023-12-04 22:42:29,Антитела IgE к аллергену Полыни nArt v 3 LTP,Аллергологические анализы,,3 168,БудьЗдоров
117,2023-12-04 22:42:29,Исследование индивидуального лекарственного аллергена (специальный бланк),Аллергологические анализы,,1 040,БудьЗдоров
118,2023-12-04 22:42:29,"Определение чувствительности к аллергену свинины (Антитела IgE, технология Immulite)",Аллергологические анализы,,630,БудьЗдоров
119,2023-12-04 22:42:29,"Определение чувствительности к аллергену ячменной муки (Антитела IgE, технология Immulite)",Аллергологические анализы,,630,БудьЗдоров
120,2023-12-04 22:42:29,Копрограмма,Анализы кала,,625,БудьЗдоров
121,2023-12-04 22:42:29,Анализ кала на скрытую кровь,Анализы кала,,1 100,БудьЗдоров
122,2023-12-04 22:42:29,Анализ кала методом обогащения на гельминты,Анализы кала,,505,БудьЗдоров
123,2023-12-04 22:42:29,Анализ кала на кальпротектин,Анализы кала,,2 890,БудьЗдоров
124,2023-12-04 22:42:29,Анализ кала на острицы,Анализы кала,,445,БудьЗдоров
125,2023-12-04 22:42:29,Определение антигена хеликобактера пилори в фекалиях,Анализы кала,,1 080,БудьЗдоров
126,2023-12-04 22:42:29,Анализ кала методом обогащения на простейшие,Анализы кала,,625,БудьЗдоров
127,2023-12-04 22:42:29,Анализ кала на лейкоциты,Анализы кала,,1 600,БудьЗдоров
128,2023-12-04 22:42:29,Анализ кала на эластазу,Анализы кала,,2 045,БудьЗдоров
129,2023-12-04 22:42:29,Анализ кала на углеводы,Анализы кала,,335,БудьЗдоров
130,2023-12-04 22:42:29,Анализ кала на стеркобилин,Анализы кала,,210,БудьЗдоров
131,2023-12-04 22:42:29,Анализ кала на билирубин,Анализы кала,,210,БудьЗдоров
132,2023-12-04 22:42:29,Анализ крови на АЛТ,Биохимический анализ крови в СПБ,,255,БудьЗдоров
133,2023-12-04 22:42:29,Анализ крови на АСТ,Биохимический анализ крови в СПБ,,255,БудьЗдоров
134,2023-12-04 22:42:29,Анализ крови на глюкозу,Биохимический анализ крови в СПБ,,255,БудьЗдоров
135,2023-12-04 22:42:29,Анализ крови на билирубин (общий),Биохимический анализ крови в СПБ,,255,БудьЗдоров
136,2023-12-04 22:42:29,Взятие крови из периферической вены/из пальца,Биохимический анализ крови в СПБ,,290,БудьЗдоров
137,2023-12-04 22:42:29,Анализ крови на креатинин,Биохимический анализ крови в СПБ,,255,БудьЗдоров
138,2023-12-04 22:42:29,Анализ крови на СРБ (С-реактивный белок),Биохимический анализ крови в СПБ,,255,БудьЗдоров
139,2023-12-04 22:42:29,Анализ крови на билирубин (связанный),Биохимический анализ крови в СПБ,,255,БудьЗдоров
140,2023-12-04 22:42:29,Анализ крови на мочевину,Биохимический анализ крови в СПБ,,255,БудьЗдоров
141,2023-12-04 22:42:29,Анализ крови на ГГТ,Биохимический анализ крови в СПБ,,500,БудьЗдоров
142,2023-12-04 22:42:29,Анализ крови на холестерин,Биохимический анализ крови в СПБ,,310,БудьЗдоров
143,2023-12-04 22:42:29,Анализ крови на щелочную фосфатазу,Биохимический анализ крови в СПБ,,500,БудьЗдоров
144,2023-12-04 22:42:29,Анализ крови на общий белок,Биохимический анализ крови в СПБ,,255,БудьЗдоров
145,2023-12-04 22:42:29,Анализ крови на витамин D (25-ОН),Биохимический анализ крови в СПБ,,1 380,БудьЗдоров
146,2023-12-04 22:42:29,Анализ крови на калий,Биохимический анализ крови в СПБ,,395,БудьЗдоров
147,2023-12-04 22:42:29,Анализ крови на ферритин,Биохимический анализ крови в СПБ,,500,БудьЗдоров
148,2023-12-04 22:42:29,Анализ крови на мочевую кислоту,Биохимический анализ крови в СПБ,,255,БудьЗдоров
149,2023-12-04 22:42:29,Анализ крови на натрий,Биохимический анализ крови в СПБ,,395,БудьЗдоров
150,2023-12-04 22:42:29,Анализ крови на триглицериды,Биохимический анализ крови в СПБ,,290,БудьЗдоров
151,2023-12-04 22:42:29,Анализ крови на кальций (общий),Биохимический анализ крови в СПБ,,270,БудьЗдоров
152,2023-12-04 22:42:29,Анализ крови на железо,Биохимический анализ крови в СПБ,,310,БудьЗдоров
153,2023-12-04 22:42:29,Анализ крови на гликированный гемоглобин,Биохимический анализ крови в СПБ,,865,БудьЗдоров
154,2023-12-04 22:42:29,Липидограмма крови (Липидный профиль),Биохимический анализ крови в СПБ,,1 000,БудьЗдоров
155,2023-12-04 22:42:29,Анализ крови на кальций (ионизированный),Биохимический анализ крови в СПБ,,345,БудьЗдоров
156,2023-12-04 22:42:29,Анализ крови на магний (общий),Биохимический анализ крови в СПБ,,290,БудьЗдоров
157,2023-12-04 22:42:29,Анализ крови на альбумин,Биохимический анализ крови в СПБ,,175,БудьЗдоров
158,2023-12-04 22:42:29,Анализ крови на липазу,Биохимический анализ крови в СПБ,,500,БудьЗдоров
159,2023-12-04 22:42:29,Анализ крови на витамин B12 (цианокобаламин),Биохимический анализ крови в СПБ,,500,БудьЗдоров
160,2023-12-04 22:42:29,Анализ крови на амилазу,Биохимический анализ крови в СПБ,,500,БудьЗдоров
161,2023-12-04 22:42:29,Анализ крови на КФК (креатинкиназа),Биохимический анализ крови в СПБ,,500,БудьЗдоров
162,2023-12-04 22:42:29,Анализ крови на цинк,Биохимический анализ крови в СПБ,,400,БудьЗдоров
163,2023-12-04 22:42:29,Анализ крови на фолиевую кислоту,Биохимический анализ крови в СПБ,,500,БудьЗдоров
164,2023-12-04 22:42:29,Анализ крови на фосфор,Биохимический анализ крови в СПБ,,255,БудьЗдоров
165,2023-12-04 22:42:29,Анализ крови на АМГ,Биохимический анализ крови в СПБ,,1 360,БудьЗдоров
166,2023-12-04 22:42:29,Анализ крови на ОЖСС,Биохимический анализ крови в СПБ,,795,БудьЗдоров
167,2023-12-04 22:42:29,Анализ крови на ЛДГ,Биохимический анализ крови в СПБ,,500,БудьЗдоров
168,2023-12-04 22:42:29,Анализ крови на медь,Биохимический анализ крови в СПБ,,400,БудьЗдоров
169,2023-12-04 22:42:29,Анализ крови на трансферрин,Биохимический анализ крови в СПБ,,500,БудьЗдоров
170,2023-12-04 22:42:29,Анализ крови на гомоцистеин,Биохимический анализ крови в СПБ,,3 400,БудьЗдоров
171,2023-12-04 22:42:29,Анализ крови на высокочувствительный тропонин I,Биохимический анализ крови в СПБ,,730,БудьЗдоров
172,2023-12-04 22:42:29,Анализ на белковые фракции (электрофорез),Биохимический анализ крови в СПБ,,620,БудьЗдоров
173,2023-12-04 22:42:29,Анализ крови на ЛЖСС,Биохимический анализ крови в СПБ,,500,БудьЗдоров
174,2023-12-04 22:42:29,Анализ крови на церулоплазмин,Биохимический анализ крови в СПБ,,630,БудьЗдоров
175,2023-12-04 22:42:29,Коэффициент насыщения трансферрина,Биохимический анализ крови в СПБ,,1 320,БудьЗдоров
176,2023-12-04 22:42:29,Анализ крови на прокальцитонин,Биохимический анализ крови в СПБ,,1 920,БудьЗдоров
177,2023-12-04 22:42:29,Анализ крови на NT-proBNP (натрийуретический пептид),Биохимический анализ крови в СПБ,,3 895,БудьЗдоров
178,2023-12-04 22:42:29,Анализ крови на лактат,Биохимический анализ крови в СПБ,,685,БудьЗдоров
179,2023-12-04 22:42:29,Анализ крови на миоглобин,Биохимический анализ крови в СПБ,,1 025,БудьЗдоров
180,2023-12-04 22:42:29,Анализ крови на эритропоэтин,Биохимический анализ крови в СПБ,,1 210,БудьЗдоров
181,2023-12-04 22:42:29,Анализ крови на альфа-1-антитрипсин,Биохимический анализ крови в СПБ,,1 055,БудьЗдоров
182,2023-12-04 22:42:29,Анализ крови на холинэстеразу (ХЭ),Биохимический анализ крови в СПБ,,430,БудьЗдоров
183,2023-12-04 22:42:29,Анализ крови на гаптоглобин,Биохимический анализ крови в СПБ,,705,БудьЗдоров
184,2023-12-04 22:42:29,Исследование уровня йода в крови,Биохимический анализ крови в СПБ,,835,БудьЗдоров
185,2023-12-04 22:42:29,Определение концентрации Витамина K (филлохинон),Биохимический анализ крови в СПБ,,2 380,БудьЗдоров
186,2023-12-04 22:42:29,"Микроэлементы и тяжелые металлы: Se, Zn, Co, Mn, Mg, Cu, Fe, Ca, Hg, As, Pb, Cd, Al (13 показателей) (метод ИСП -МС)",Биохимический анализ крови в СПБ,,4 635,БудьЗдоров
187,2023-12-04 22:42:29,"Микроэлементы и тяжелые металлы: Li, B, Na, Mg, Al, Si, K, Ca, Ti, Cr, Mn, Fe, Co, Ni, Cu, Zn, As, Se, Mo,Cd, Sb, Hg, Pb (23 показателя)",Биохимический анализ крови в СПБ,,5 940,БудьЗдоров
188,2023-12-04 22:42:29,Определение концентрации Витамина А (ретинол),Биохимический анализ крови в СПБ,,2 380,БудьЗдоров
189,2023-12-04 22:42:29,"Микроэлементы и тяжелые металлы: Li, B, Na, Mg, Al, Si, K, Ca, Ti, Cr, Mn, Fe, Co, Ni, Cu, Zn, As, Se, Mo, Cd, Sb и др (40 показателей)",Биохимический анализ крови в СПБ,,7 130,БудьЗдоров
190,2023-12-04 22:42:29,Исследование уровня селена в крови,Биохимический анализ крови в СПБ,,955,БудьЗдоров
191,2023-12-04 22:42:29,"Исследование уровня ненасыщенных жирных кислот семейства Омега -3: эйкозапентаеновая, докозагексаеновая кислоты  ",Биохимический анализ крови в СПБ,,4 755,БудьЗдоров
192,2023-12-04 22:42:29,Определение концентрации Витамина E (токоферол),Биохимический анализ крови в СПБ,,2 380,БудьЗдоров
193,2023-12-04 22:42:29,Определение Омега-3 индекса в крови,Биохимический анализ крови в СПБ,,4 755,БудьЗдоров
194,2023-12-04 22:42:29,Определение концентрации Витамина C (аскорбиновая кислота),Биохимический анализ крови в СПБ,,2 380,БудьЗдоров
195,2023-12-04 22:42:29,Определение концентрации Витамина B1 (тиамин),Биохимический анализ крови в СПБ,,2 615,БудьЗдоров
196,2023-12-04 22:42:29,Определение концентрации Витамина B5 (пантотеновая кислота),Биохимический анализ крови в СПБ,,2 615,БудьЗдоров
197,2023-12-04 22:42:29,Определение концентрации Витамина B6 (пиридоксин),Биохимический анализ крови в СПБ,,2 615,БудьЗдоров
198,2023-12-04 22:42:29,Определение концентрации Витамина B2 (рибофлавин),Биохимический анализ крови в СПБ,,2 615,БудьЗдоров
199,2023-12-04 22:42:29,Определение концентрации Витамина B3 (ниацин),Биохимический анализ крови в СПБ,,2 615,БудьЗдоров
200,2023-12-04 22:42:29,Исследование уровня аминокислот (12 показателей),Биохимический анализ крови в СПБ,,4 755,БудьЗдоров
201,2023-12-04 22:42:29,Общий анализ мочи,Исследование мочи в СПБ,,400,БудьЗдоров
202,2023-12-04 22:42:29,Анализ мочи по Нечипоренко,Исследование мочи в СПБ,,395,БудьЗдоров
203,2023-12-04 22:42:29,Анализ мочи на альфа-амилазу,Исследование мочи в СПБ,,255,БудьЗдоров
204,2023-12-04 22:42:29,"Исследование уровня альбумина и креатинина в моче (микроальбуминурия, альбумин/креатининовое соотношение, разовая порция)",Исследование мочи в СПБ,,750,БудьЗдоров
205,2023-12-04 22:42:29,Анализ мочи с микроскопией осадка,Исследование мочи в СПБ,,695,БудьЗдоров
206,2023-12-04 22:42:29,Определение белка в моче,Исследование мочи в СПБ,,250,БудьЗдоров
207,2023-12-04 22:42:29,Общий анализ мочи (2 пробы),Исследование мочи в СПБ,,700,БудьЗдоров
208,2023-12-04 22:42:29,Определение количества белка в суточной моче,Исследование мочи в СПБ,,250,БудьЗдоров
209,2023-12-04 22:42:29,"Определение альбумина в моче (микроальбуминурия, суточная порция, экскреция альбумина)",Исследование мочи в СПБ,,695,БудьЗдоров
210,2023-12-04 22:42:29,"Исследование уровня кальция в моче (количественно, суточная порция мочи)",Исследование мочи в СПБ,,400,БудьЗдоров
211,2023-12-04 22:42:29,Исследование функции нефронов по клиренсу креатинина (проба Реберга),Исследование мочи в СПБ,,700,БудьЗдоров
212,2023-12-04 22:42:29,Общий анализ мочи (3 пробы),Исследование мочи в СПБ,,800,БудьЗдоров
213,2023-12-04 22:42:29,"Исследование уровня кальция и креатинина в моче (кальций/креатининовое соотношение, разовая порция мочи)",Исследование мочи в СПБ,,985,БудьЗдоров
214,2023-12-04 22:42:29,Анализ мочи на белок Бенс-Джонса,Исследование мочи в СПБ,,345,БудьЗдоров
215,2023-12-04 22:42:29,Исследование оксалатов в моче (суточная порция),Исследование мочи в СПБ,,445,БудьЗдоров
216,2023-12-04 22:42:29,Исследование уровня фосфора в моче (суточная порция),Исследование мочи в СПБ,,355,БудьЗдоров
217,2023-12-04 22:42:29,Исследование уровня мочевой кислоты в моче (суточная порция),Исследование мочи в СПБ,,345,БудьЗдоров
218,2023-12-04 22:42:29,"Исследование уровня фосфора и креатинина в моче (фосфор/креатининовое соотношение, разовая порция)",Исследование мочи в СПБ,,925,БудьЗдоров
219,2023-12-04 22:42:29,"Исследование уровня оксалатов и креатинина в моче (оксалат/креатининовое соотношение, разовая порция)",Исследование мочи в СПБ,,1 055,БудьЗдоров
220,2023-12-04 22:42:29,Исследование уровня креатинина в моче,Исследование мочи в СПБ,,345,БудьЗдоров
221,2023-12-04 22:42:29,"Исследование уровня магния и креатинина в моче (магний/креатининовое соотношение, разовая порция)",Исследование мочи в СПБ,,925,БудьЗдоров
222,2023-12-04 22:42:29,Исследование уровня магния в моче (суточная порция),Исследование мочи в СПБ,,355,БудьЗдоров
223,2023-12-04 22:42:29,"Исследование уровня кальция в моче (Проба Сулковича, полуколичественно, разовая порция мочи)",Исследование мочи в СПБ,,375,БудьЗдоров
224,2023-12-04 22:42:29,Исследование уровня мочевины в моче (суточная порция),Исследование мочи в СПБ,,345,БудьЗдоров
225,2023-12-04 22:42:29,Анализ мочи по Зимницкому,Исследование мочи в СПБ,,500,БудьЗдоров
226,2023-12-04 22:42:29,Исследование уровня глюкозы в моче (разовая порция),Исследование мочи в СПБ,,250,БудьЗдоров
227,2023-12-04 22:42:29,"Исследование уровня глюкозы в моче (суточная порция, экскреция глюкозы)",Исследование мочи в СПБ,,250,БудьЗдоров
228,2023-12-04 22:42:29,"Исследование уровня калия в моче (ион-селективным методом, суточная порция)",Исследование мочи в СПБ,,320,БудьЗдоров
229,2023-12-04 22:42:29,"Исследование уровня натрия в моче (ион-селективным методом, суточная порция)",Исследование мочи в СПБ,,320,БудьЗдоров
230,2023-12-04 22:42:29,Исследование уровня йода в моче,Исследование мочи в СПБ,,835,БудьЗдоров
231,2023-12-04 22:42:29,Исследование мелатонина в суточной моче,Исследование мочи в СПБ,,4 160,БудьЗдоров
232,2023-12-04 22:42:29,"Госпитальный комплекс (ВИЧ, сифилис, гепатит В, С)",Анализы крови на антитела в СПБ,,1 815,БудьЗдоров
233,2023-12-04 22:42:29,Анализ крови на антитела к гепатиту C классов M и G (anti-HCV IgG и anti-HCV IgM),Анализы крови на антитела в СПБ,,855,БудьЗдоров
234,2023-12-04 22:42:29,Определение антигена HbsAg гепатита B в крови,Анализы крови на антитела в СПБ,,570,БудьЗдоров
235,2023-12-04 22:42:29,"Анализ крови на антитела к ВИЧ 1 и 2 типа, антиген p24 классов M, G (IgM, IgG)",Анализы крови на антитела в СПБ,,505,БудьЗдоров
236,2023-12-04 22:42:29,Анализ крови на антитела к капсидному антигену (VCA) вируса Эпштейна-Барр,Анализы крови на антитела в СПБ,,845,БудьЗдоров
237,2023-12-04 22:42:29,Анализ крови на антитела к цитомегаловирусу,Анализы крови на антитела в СПБ,,700,БудьЗдоров
238,2023-12-04 22:42:29,Анализ крови на антитела к ранним белкам (EA) вируса Эпштейна-Барр класса G (IgG),Анализы крови на антитела в СПБ,,735,БудьЗдоров
239,2023-12-04 22:42:29,Анализ крови на антитела к аскаридам класса G (IgG),Анализы крови на антитела в СПБ,,865,БудьЗдоров
240,2023-12-04 22:42:29,Анализ крови на антитела к хеликобактер пилори класса G (IgG),Анализы крови на антитела в СПБ,,695,БудьЗдоров
241,2023-12-04 22:42:29,"Анализ крови на антитела к лямблиям классов A, M, G (IgM, IgA, IgG)",Анализы крови на антитела в СПБ,,725,БудьЗдоров
242,2023-12-04 22:42:29,Анализ крови на антитела к токсокаре класса G (IgG),Анализы крови на антитела в СПБ,,395,БудьЗдоров
243,2023-12-04 22:42:29,Анализ крови на антитела к ядерному антигену (NA) вируса Эпштейна-Барр класса G (IgG),Анализы крови на антитела в СПБ,,405,БудьЗдоров
244,2023-12-04 22:42:29,Анализ крови на антитела к кори класса G (IgG),Анализы крови на антитела в СПБ,,845,БудьЗдоров
245,2023-12-04 22:42:29,Анализ крови на антитела к хламидии пневмонии,Анализы крови на антитела в СПБ,,725,БудьЗдоров
246,2023-12-04 22:42:29,Анализ крови на антитела к микоплазме пневмонии,Анализы крови на антитела в СПБ,,725,БудьЗдоров
247,2023-12-04 22:42:29,Анализ крови на антитела к описторхозу класса G (IgG),Анализы крови на антитела в СПБ,,395,БудьЗдоров
248,2023-12-04 22:42:29,Анализ крови на антитела к иерсинии,Анализы крови на антитела в СПБ,,705,БудьЗдоров
249,2023-12-04 22:42:29,Анализ крови на антитела к простому герпесу 1 и 2 типов,Анализы крови на антитела в СПБ,,675,БудьЗдоров
250,2023-12-04 22:42:29,Анализ крови на антитела к герпесу человека 6 типа класса G (IgG),Анализы крови на антитела в СПБ,,1 055,БудьЗдоров
251,2023-12-04 22:42:29,Анализ на ТОРЧ-инфекции (TORCH),Анализы крови на антитела в СПБ,,4 990,БудьЗдоров
252,2023-12-04 22:42:29,Анализ крови на антитела к эхинококку класса G (IgG),Анализы крови на антитела в СПБ,,395,БудьЗдоров
253,2023-12-04 22:42:29,Анализ крови на антитела к бледной трепонеме,Анализы крови на антитела в СПБ,,255,БудьЗдоров
254,2023-12-04 22:42:29,Анализ крови на антитела к клещевому боррелиозу,Анализы крови на антитела в СПБ,,625,БудьЗдоров
255,2023-12-04 22:42:29,Анализ крови на антитела к краснухе,Анализы крови на антитела в СПБ,,700,БудьЗдоров
256,2023-12-04 22:42:29,Анализ крови на антитела к токсоплазме,Анализы крови на антитела в СПБ,,795,БудьЗдоров
257,2023-12-04 22:42:29,Анализ крови на антитела к сальмонелллам (метод РПГА),Анализы крови на антитела в СПБ,,725,БудьЗдоров
258,2023-12-04 22:42:29,Анализ крови на антитела к поверхностному антигену HbsAg гепатита B,Анализы крови на антитела в СПБ,,665,БудьЗдоров
259,2023-12-04 22:42:29,Анализ крови на антитела к тениидам,Анализы крови на антитела в СПБ,,1 055,БудьЗдоров
260,2023-12-04 22:42:29,Анализ крови на антитела к трихинеллам класса G (IgG),Анализы крови на антитела в СПБ,,395,БудьЗдоров
261,2023-12-04 22:42:29,Анализ крови на антитела к шигеллам (метод РПГА),Анализы крови на антитела в СПБ,,740,БудьЗдоров
262,2023-12-04 22:42:29,Анализ крови на антитела к коклюшу,Анализы крови на антитела в СПБ,,1 105,БудьЗдоров
263,2023-12-04 22:42:29,Анализ крови на антитела к хламидии,Анализы крови на антитела в СПБ,,725,БудьЗдоров
264,2023-12-04 22:42:29,Анализ крови на антитела к ветряной оспе,Анализы крови на антитела в СПБ,,845,БудьЗдоров
265,2023-12-04 22:42:29,Анализ крови на антитела к амебе класса G (IgG),Анализы крови на антитела в СПБ,,1 270,БудьЗдоров
266,2023-12-04 22:42:29,Анализ крови на антитела к стронгилоидозу класса G (IgG),Анализы крови на антитела в СПБ,,1 055,БудьЗдоров
267,2023-12-04 22:42:29,Анализ крови на антитела к грибам аспергилл класса G (IgG),Анализы крови на антитела в СПБ,,1 205,БудьЗдоров
268,2023-12-04 22:42:29,Анализ крови на антитела к псевдотуберкулезу (метод РНГА),Анализы крови на антитела в СПБ,,505,БудьЗдоров
269,2023-12-04 22:42:29,Определение антигена HbeAg гепатита B в крови,Анализы крови на антитела в СПБ,,665,БудьЗдоров
270,2023-12-04 22:42:29,Анализ крови на антитела к гепатиту C класса M (IgM),Анализы крови на антитела в СПБ,,665,БудьЗдоров
271,2023-12-04 22:42:29,Анализ крови на антитела к ядерному антигену HbcAg гепатита B класса M (IgM),Анализы крови на антитела в СПБ,,665,БудьЗдоров
272,2023-12-04 22:42:29,Анализ крови на антитела к фасциолезу класса G (IgG),Анализы крови на антитела в СПБ,,1 055,БудьЗдоров
273,2023-12-04 22:42:29,Анализ крови на антитела к брюшному тифу (метод РПГА),Анализы крови на антитела в СПБ,,1 270,БудьЗдоров
274,2023-12-04 22:42:29,Анализ крови на антитела к гепатиту А,Анализы крови на антитела в СПБ,,665,БудьЗдоров
275,2023-12-04 22:42:29,Анализ крови на антитела к клещевому энцефалиту,Анализы крови на антитела в СПБ,,865,БудьЗдоров
276,2023-12-04 22:42:29,Анализ крови на антитела к уреаплазме уреалитикум,Анализы крови на антитела в СПБ,,725,БудьЗдоров
277,2023-12-04 22:42:29,Анализ крови на гастропанель натощак и с нагрузкой,Анализы крови на антитела в СПБ,,6 045,БудьЗдоров
278,2023-12-04 22:42:29,Анализ крови на антитела к e-антигену (anti-HBe) гепатита B,Анализы крови на антитела в СПБ,,665,БудьЗдоров
279,2023-12-04 22:42:29,Анализ крови на антитела к микоплазма хоминис,Анализы крови на антитела в СПБ,,725,БудьЗдоров
280,2023-12-04 22:42:29,Анализ крови на антитела к шистосомозу класса G (IgG),Анализы крови на антитела в СПБ,,1 055,БудьЗдоров
281,2023-12-04 22:42:29,Анализ крови на антитела к бруцеллам,Анализы крови на антитела в СПБ,,850,БудьЗдоров
282,2023-12-04 22:42:29,Анализ крови на антитела к аденовирусу,Анализы крови на антитела в СПБ,,795,БудьЗдоров
283,2023-12-04 22:42:29,Анализ крови на антитела к вирусу паротита,Анализы крови на антитела в СПБ,,845,БудьЗдоров
284,2023-12-04 22:42:29,"Анализ крови на антитела к гепатиту C (Core, NS3, NS4, NS5) класса G (IgG)",Анализы крови на антитела в СПБ,,1 140,БудьЗдоров
285,2023-12-04 22:42:29,Анализ крови на антитела к столбняку (столбнячному анатоксину) класса G (IgG),Анализы крови на антитела в СПБ,,1 390,БудьЗдоров
286,2023-12-04 22:42:29,Анализ крови на антитела к дифтерии (метод РПГА),Анализы крови на антитела в СПБ,,740,БудьЗдоров
287,2023-12-04 22:42:29,Анализ крови на антитела к трихомонаде класса G (IgG),Анализы крови на антитела в СПБ,,500,БудьЗдоров
288,2023-12-04 22:42:29,Анализ крови на антитела к лейшмании класса G (IgG),Анализы крови на антитела в СПБ,,1 680,БудьЗдоров
289,2023-12-04 22:42:29,Анализ крови на антитела к респираторному синцитиальному вирусу,Анализы крови на антитела в СПБ,,1 000,БудьЗдоров
290,2023-12-04 22:42:29,Анализ ревматоидного фактора в крови (РФ),Анализы крови на аутоиммунные заболевания,,255,БудьЗдоров
291,2023-12-04 22:42:29,Ангализ на АСЛО (антистрептолизин-O) в крови,Анализы крови на аутоиммунные заболевания,,255,БудьЗдоров
292,2023-12-04 22:42:29,Антинуклеарные антитела в крови (ANA Screen),Анализы крови на аутоиммунные заболевания,,1 080,БудьЗдоров
293,2023-12-04 22:42:29,Антитела к циклическому цитрулиновому пептиду (анти-CCP) в крови,Анализы крови на аутоиммунные заболевания,,2 250,БудьЗдоров
294,2023-12-04 22:42:29,Антитела к ДНК нативной (двуспиральной) (anti-dsDNA),Анализы крови на аутоиммунные заболевания,,1 445,БудьЗдоров
295,2023-12-04 22:42:29,Антитела IgG к глиадину в крови,Анализы крови на аутоиммунные заболевания,,855,БудьЗдоров
296,2023-12-04 22:42:29,Антитела к тканевой трансглутаминазе IgA в крови,Анализы крови на аутоиммунные заболевания,,1 605,БудьЗдоров
297,2023-12-04 22:42:29,Антитела IgA к глиадину в крови,Анализы крови на аутоиммунные заболевания,,855,БудьЗдоров
298,2023-12-04 22:42:29,"Комплексное определение антинуклеарных антител (dsDNA, Нуклеосоме, SS-A, SS-B, RN-P, Sm-антигену, Центромере В, Jo-1,Scl-70) в крови",Анализы крови на аутоиммунные заболевания,,3 475,БудьЗдоров
299,2023-12-04 22:42:29,Антитела к тканевой трансглутаминазе IgG в крови,Анализы крови на аутоиммунные заболевания,,1 605,БудьЗдоров
300,2023-12-04 22:42:29,"Антитела к цитоплазме нейтрофилов в крови (ANCAс, ANCAp)",Анализы крови на аутоиммунные заболевания,,2 260,БудьЗдоров
301,2023-12-04 22:42:29,Антитела к эндомизию в крови,Анализы крови на аутоиммунные заболевания,,1 000,БудьЗдоров
302,2023-12-04 22:42:29,Антитела к антигенам гладкой мускулатуры (ASMA) в крови,Анализы крови на аутоиммунные заболевания,,1 170,БудьЗдоров
303,2023-12-04 22:42:29,Антиспермальные антитела (МАР-тест),Анализы крови на аутоиммунные заболевания,,1 365,БудьЗдоров
304,2023-12-04 22:42:29,Антитела к антигенам митохондрий в крови (АМА),Анализы крови на аутоиммунные заболевания,,1 445,БудьЗдоров
305,2023-12-04 22:42:29,Антитела к микросомальной фракции печени и почек (LKM-1) в крови,Анализы крови на аутоиммунные заболевания,,1 225,БудьЗдоров
306,2023-12-04 22:42:29,Анализ на криоглобулины в крови,Анализы крови на аутоиммунные заболевания,,905,БудьЗдоров
307,2023-12-04 22:42:29,Антитела к кардиолипину (A/M/G) в крови,Анализы крови на аутоиммунные заболевания,,1 245,БудьЗдоров
308,2023-12-04 22:42:29,Антитела к бета-2-гликопротеину (A/M/G) в крови,Анализы крови на аутоиммунные заболевания,,1 170,БудьЗдоров
309,2023-12-04 22:42:29,Антитела к париетальным клеткам желудка в крови,Анализы крови на аутоиммунные заболевания,,1 475,БудьЗдоров
310,2023-12-04 22:42:29,Антитела к фосфолипидам IgG в крови,Анализы крови на аутоиммунные заболевания,,755,БудьЗдоров
311,2023-12-04 22:42:29,Антитела к Saccharomyces cerevisiae IgG (болезнь Крона) в крови,Анализы крови на аутоиммунные заболевания,,1 455,БудьЗдоров
312,2023-12-04 22:42:29,Антитела к антигенам миокарда в крови,Анализы крови на аутоиммунные заболевания,,1 765,БудьЗдоров
313,2023-12-04 22:42:29,"Комплексное определение антител к антигенам желудочно-кишечного тракта (Внутренний фактор, Париетальные клетки, Трансглутаминаза, ASCA, глиадин) в крови",Анализы крови на аутоиммунные заболевания,,3 475,БудьЗдоров
314,2023-12-04 22:42:29,Антитела к фосфолипидам IgM в крови,Анализы крови на аутоиммунные заболевания,,755,БудьЗдоров
315,2023-12-04 22:42:29,Антитела к инсулину в крови,Анализы крови на аутоиммунные заболевания,,795,БудьЗдоров
316,2023-12-04 22:42:29,Анализ антитромбоцитарных антител,Анализы крови на аутоиммунные заболевания,,3 000,БудьЗдоров
317,2023-12-04 22:42:29,Антитела к антигенам островков клеток поджелудочной железы в крови,Анализы крови на аутоиммунные заболевания,,1 450,БудьЗдоров
318,2023-12-04 22:42:29,Антитела к фосфатидилсерину в крови,Анализы крови на аутоиммунные заболевания,,1 955,БудьЗдоров
319,2023-12-04 22:42:29,Антитела к аннексину IgM в крови,Анализы крови на аутоиммунные заболевания,,1 245,БудьЗдоров
320,2023-12-04 22:42:29,Антитела к аннексину IgG в крови,Анализы крови на аутоиммунные заболевания,,1 245,БудьЗдоров
321,2023-12-04 22:42:29,Антитела к хорионическому гонадотропину в крови,Анализы крови на аутоиммунные заболевания,,1 055,БудьЗдоров
322,2023-12-04 22:42:29,Антитела к ДНК денатурированной (односпиральной) (anti-ssDNA),Анализы крови на аутоиммунные заболевания,,1 335,БудьЗдоров
323,2023-12-04 22:42:29,Антитела к протромбину (G/M) в крови,Анализы крови на аутоиммунные заболевания,,1 245,БудьЗдоров
324,2023-12-04 22:42:29,Определение содержания ревматоидного фактора IgM,Анализы крови на аутоиммунные заболевания,,1 785,БудьЗдоров
325,2023-12-04 22:42:29,Определение антигенов лямблий (Giardia lamblia) в образцах фекалий,Бактериологические исследования (анализы),,615,БудьЗдоров
326,2023-12-04 22:42:29,"Анализ мазка из зева, слизи с миндалин и задней стенки глотки на аэробные и факультативно-анаэробные микроорганизмы с определением чувствительности к антимикробным химиотерапевтическим препаратам",Бактериологические исследования (анализы),,1 450,БудьЗдоров
327,2023-12-04 22:42:29,Бакпосев мочи на аэробные и факультативно-анаэробные условно-патогенные микроорганизмы с определением чувствительности микроорганизмов к антимикробным химиотерапевтическим препаратам,Бактериологические исследования (анализы),,1 580,БудьЗдоров
328,2023-12-04 22:42:29,Анализ отделяемого цервикального канала на аэробные и факультативно-анаэробные условно-патогенные микроорганизмы с определением чувствительности к антимикробным химиотерапевтическим препаратам,Бактериологические исследования (анализы),,1 725,БудьЗдоров
329,2023-12-04 22:42:29,Анализ мазков из полости носа на аэробные и факультативно-анаэробные микроорганизмы с определением чувствительности к антимикробным химиотерапевтическим препаратам,Бактериологические исследования (анализы),,1 450,БудьЗдоров
330,2023-12-04 22:42:29,"Анализ фекалий/ректального мазка на микроорганизмы рода шигелла (Shigella spp.), рода сальмонелла (Salmonella spp.) с определением чувствительности к антимикробным химиотерапевтическим препаратам",Бактериологические исследования (анализы),,1 400,БудьЗдоров
331,2023-12-04 22:42:29,"Анализ эякулята, секрета простаты на аэробные и факультативно-анаэробные микроорганизмы с определением чувствительности к антимикробным химиотерапевтическим препаратам",Бактериологические исследования (анализы),,1 440,БудьЗдоров
332,2023-12-04 22:42:29,Исследование микробиоценоза кишечника (дисбактериоз) культуральными методами с определением чувствительности к бактериофагам,Бактериологические исследования (анализы),,2 065,БудьЗдоров
333,2023-12-04 22:42:29,Анализ отделяемого шейки матки на аэробные и факультативно-анаэробные условно-патогенные микроорганизмы микроорганизмы с определением чувствительности к антимикробным химиотерапевтическим препаратам,Бактериологические исследования (анализы),,1 725,БудьЗдоров
334,2023-12-04 22:42:29,"Исследование кала на наличие токсинов клостридии диффициле (Clostridium difficile, токсины А и В)",Бактериологические исследования (анализы),,1 740,БудьЗдоров
335,2023-12-04 22:42:29,Анализ отделяемого влагалища на аэробные и факультативно-анаэробные микроорганизмы с определением чувствительности к антимикробным химиотерапевтическим препаратам,Бактериологические исследования (анализы),,1 725,БудьЗдоров
336,2023-12-04 22:42:29,Анализ отделяемого из ушей на аэробные и факультативно-анаэробные условно-патогенные микроорганизмы с определением чувствительности к антимикробным химиотерапевтическим препаратам,Бактериологические исследования (анализы),,1 145,БудьЗдоров
337,2023-12-04 22:42:29,Анализ мазка из зева на палочку дифтерии (Corinebacterium diphtheriae),Бактериологические исследования (анализы),,1 480,БудьЗдоров
338,2023-12-04 22:42:29,Анализ отделяемого уретры на аэробные и факультативно-анаэробные микроорганизмы с определением чувствительности к антимикробным химиотерапевтическим препаратам,Бактериологические исследования (анализы),,1 390,БудьЗдоров
339,2023-12-04 22:42:29,Анализ отделяемого из зева на стрептококк группы A (Streptococcus gr. A) с определением чувствительности к антимикробным химиотерапевтическим препаратам,Бактериологические исследования (анализы),,1 395,БудьЗдоров
340,2023-12-04 22:42:29,"Определение чувствительности микроорганизмов к антимикробным химиотерапевтическим препаратам диско-дифузионным методом (для тестов, где антибиограмма не предусмотрена)",Бактериологические исследования (анализы),,530,БудьЗдоров
341,2023-12-04 22:42:29,Анализ мазка из носа на палочку дифтерии (Corinebacterium diphtheriae),Бактериологические исследования (анализы),,1 960,БудьЗдоров
342,2023-12-04 22:42:29,Анализ отделяемого наружных половых органов на аэробные и факультативно-анаэробные микроорганизмы с определением чувствительности к антимикробным химиотерапевтическим препаратам,Бактериологические исследования (анализы),,1 305,БудьЗдоров
343,2023-12-04 22:42:29,Анализ отделяемого моче-половых органов на Ureaplasma spp и Mycoplasma hominis с определением титра и чувствительности микроорганизмов к антимикробным химиотерапевтическим препаратам,Бактериологические исследования (анализы),,1 290,БудьЗдоров
344,2023-12-04 22:42:29,"Анализ фекалий/ректального мазка на микроорганизмы рода шигелла (Shigella spp.), рода сальмонелла (Salmonella spp.), кампилобактерии с определением чувствительности к антимикробным химиотерапевтическим препаратам+рота- и аденовирусы.",Бактериологические исследования (анализы),,4 585,БудьЗдоров
345,2023-12-04 22:42:29,Анализ отделяемого высыпных элементов кожи на микрофлору с определением чувствительности к антибактериальным и противогрибковым препаратам,Бактериологические исследования (анализы),,1 505,БудьЗдоров
346,2023-12-04 22:42:29,Анализ отделяемого/мазка из полости рта с определением чувствительности к антимикробным химиотерапевтическим препаратам,Бактериологические исследования (анализы),,1 305,БудьЗдоров
347,2023-12-04 22:42:29,Микробиологическое (культуральное) исследование влагалищного отделяемого на дрожжевые грибы (Candida) с определением чувствительности к антимикотическим препаратам,Бактериологические исследования (анализы),,850,БудьЗдоров
348,2023-12-04 22:42:29,Микробиологическое (культуральное) исследование волос на грибы дерматофиты (Dermatophytes),Бактериологические исследования (анализы),,730,БудьЗдоров
349,2023-12-04 22:42:29,Микробиологическое (культуральное) исследование волос на дрожжевые грибы (Candida) с определением чувствительности к антимикотическим препаратам,Бактериологические исследования (анализы),,870,БудьЗдоров
350,2023-12-04 22:42:29,Анализ фекалий/ректального мазка на возбудитель иерсиниоза (Yersinia spp) с определением чувствительности к антимикробным химиотерапевтическим препаратам,Бактериологические исследования (анализы),,905,БудьЗдоров
351,2023-12-04 22:42:29,"Иммунохроматографическое экспресс-исследование кала на ротавирус, аденовирус",Бактериологические исследования (анализы),,1 055,БудьЗдоров
352,2023-12-04 22:42:29,Анализ фекалий/ректального мазка на патогенные кампилобактерии (Campylobacter jejuni/coli) с определением чувствительности к антимикробным химиотерапевтическим препаратам,Бактериологические исследования (анализы),,1 320,БудьЗдоров
353,2023-12-04 22:42:29,Определение антигенов норовирусов (Norovirus) в образцах фекалий,Бактериологические исследования (анализы),,1 580,БудьЗдоров
354,2023-12-04 22:42:29,Анализ раневого отделяемого на аэробные и факультативно-анаэробные микроорганизмы с определением чувствительности к антимикробным химиотерапевтическим препаратам,Бактериологические исследования (анализы),,1 390,БудьЗдоров
355,2023-12-04 22:42:29,Анализ отделяемого из уха на дрожжевые грибы с определением чувствительности к антимикотическим препаратам,Бактериологические исследования (анализы),,1 265,БудьЗдоров
356,2023-12-04 22:42:29,Анализ мокроты на аэробные и факультативно-анаэробные микроорганизмы с определением чувствительности к антимикробным химиотерапевтическим препаратам,Бактериологические исследования (анализы),,1 145,БудьЗдоров
357,2023-12-04 22:42:29,Анализ на дрожжеподобные грибы с определением чувствительности к антимикотикотическим препаратам,Бактериологические исследования (анализы),,1 270,БудьЗдоров
358,2023-12-04 22:42:29,"Бактериологическое исследование соскобов с кожи (эрозий, язв, пустул) на стрептококк группы A (Streptococcus gr. A) с определением чувствительности к антимикробным химиотерапевтическим препаратам",Бактериологические исследования (анализы),,1 395,БудьЗдоров
359,2023-12-04 22:42:29,Бакпосев отделяемого моче-половых органов на бета-гемолитический стрептококк группы В Streptococcus agalactia,Бактериологические исследования (анализы),,1 740,БудьЗдоров
360,2023-12-04 22:42:29,Анализ соскоба полости рта на дрожжевые грибы с определением чувствительности к антимикотическим препаратам,Бактериологические исследования (анализы),,1 395,БудьЗдоров
361,2023-12-04 22:42:29,"Анализ отделяемого с век (соскобы с язв), конъюнктивы на аэробные и факультативно-анаэробные условно-патогенные микроорганизмы с определением чувствительности к антимикробным химиотерапевтическим препаратам",Бактериологические исследования (анализы),,1 145,БудьЗдоров
362,2023-12-04 22:42:29,"Анализ слизи с задней стенки глотки на палочку коклюша (Bordetella pertussis), паракоклюша (Bordetella parapertussis, Bordetella bronchiseptica)",Бактериологические исследования (анализы),,1 055,БудьЗдоров
363,2023-12-04 22:42:29,Анализ мазка из зева на золотистый стафилококк (Staphylococcus auereus) с определением чувствительности к антимикробным химиотерапевтическим препаратам,Бактериологические исследования (анализы),,1 320,БудьЗдоров
364,2023-12-04 22:42:29,Иммунохроматографическое экспресс-исследование кала на астровирус,Бактериологические исследования (анализы),,795,БудьЗдоров
365,2023-12-04 22:42:29,"Анализ мазка из цервикального канала, с шейки матки на дрожжевые грибы (Candida) с определением чувствительности к антимикотическим препаратам",Бактериологические исследования (анализы),,850,БудьЗдоров
366,2023-12-04 22:42:29,Анализ мазка из носа на золотистый стафилококк (Staphylococcus auereus) с определением чувствительности к антимикробным химиотерапевтическим препаратам,Бактериологические исследования (анализы),,1 320,БудьЗдоров
367,2023-12-04 22:42:29,Анализ содержимого гайморовой пазухи,Бактериологические исследования (анализы),,4 330,БудьЗдоров
368,2023-12-04 22:42:29,"Анализ фекалий/ректального мазка на возбудителей пищевых токсикоинфекций (ПТИ), включая стафилококки, стрептококки, с определением чувствительности к антимикробным химиотерапевтическим препаратам",Бактериологические исследования (анализы),,1 450,БудьЗдоров
369,2023-12-04 22:42:29,Анализ отделяемого из носа на стрептококк группы A (Streptococcus gr. A) с определением чувствительности к антимикробным химиотерапевтическим препаратам,Бактериологические исследования (анализы),,1 395,БудьЗдоров
370,2023-12-04 22:42:29,Анализ на анаэробы без определения чувствительности к антимикробным химиотерапевтическим препаратам,Бактериологические исследования (анализы),,1 035,БудьЗдоров
371,2023-12-04 22:42:29,Анализ на дрожжеподобные грибы,Бактериологические исследования (анализы),,785,БудьЗдоров
372,2023-12-04 22:42:29,Анализ отделяемого влагалища на листерии (Listeria monocytogenes) с определением чувствительности к антимикробным химиотерапевтическим препаратам,Бактериологические исследования (анализы),,1 740,БудьЗдоров
373,2023-12-04 22:42:29,"Анализ соскобов с кожи, слизистых оболочек на дрожжевые грибы (Candida) с определением чувствительности к антимикотическим препаратам",Бактериологические исследования (анализы),,870,БудьЗдоров
374,2023-12-04 22:42:29,Анализ мазков из околоносовых полостей на аэробные и факультативно-анаэробные микроорганизмыс определением чувствительности к антимикробным химиотерапевтическим препаратам,Бактериологические исследования (анализы),,1 450,БудьЗдоров
375,2023-12-04 22:42:29,Анализ синовиальной жидкости на аэробные и факультативно-анаэробные микроорганизмы с определением чувствительности к антимикробным химиотерапевтическим препаратам,Бактериологические исследования (анализы),,870,БудьЗдоров
376,2023-12-04 22:42:29,Анализ мазка с задней стенки глотки на менингококк (Neisseria meningitidis) с определением чувствительности к антимикробным химиотерапевтическим препаратам,Бактериологические исследования (анализы),,870,БудьЗдоров
377,2023-12-04 22:42:29,Анализ мазка из носа на менингококк (Neisseria meningitidis) с определением чувствительности к антимикробным химиотерапевтическим препаратам,Бактериологические исследования (анализы),,870,БудьЗдоров
378,2023-12-04 22:42:29,Анализ отделяемого мочеполовых органов на гонококк (Neisseria gonorrhoeae) с определением чувствительности микроорганизмов к антимикробным химиотерапевтическим препаратам,Бактериологические исследования (анализы),,905,БудьЗдоров
379,2023-12-04 22:42:29,Анализ отделяемого из уретры на дрожжевые грибы (Candida) с определением чувствительности к антимикотическим препаратам,Бактериологические исследования (анализы),,850,БудьЗдоров
380,2023-12-04 22:42:29,Определение чувствительности к бактериофагам,Бактериологические исследования (анализы),,195,БудьЗдоров
381,2023-12-04 22:42:29,Микробиологическое (культуральное) исследование крови на стерильность с определением чувствительности к антимикотическим и антимикробным химиотерапевтическим препаратам,Бактериологические исследования (анализы),,1 280,БудьЗдоров
382,2023-12-04 22:42:29,Анализ фекалий/ректального мазка на золотистый стафилококк (Staphylococcus auereus) с определением чувствительности к антимикробным химиотерапевтическим препаратам,Бактериологические исследования (анализы),,1 320,БудьЗдоров
383,2023-12-04 22:42:29,Анализ мокроты на дрожжевые грибы с определением чувствительности к антимикотическим препаратам,Бактериологические исследования (анализы),,1 265,БудьЗдоров
384,2023-12-04 22:42:29,"Анализ соскобов с кожи, ногтевых пластинок на грибы дерматофиты (Dermatophytes)",Бактериологические исследования (анализы),,730,БудьЗдоров
385,2023-12-04 22:42:29,"Анализ эякулята, секрета простаты на дрожжевые грибы (Candida) с определением чувствительности к антимикотическим препаратам",Бактериологические исследования (анализы),,850,БудьЗдоров
386,2023-12-04 22:42:29,Бакпосев мочи на бета-гемолитический стрептококк группы А (Streptococcus pyogenes) и бета-гемолитический стрептококк группы В (Streptococcus agalactia) с определением чувствительности микроорганизмов к антимикробным химиотерапевтическим препаратам,Бактериологические исследования (анализы),,1 395,БудьЗдоров
387,2023-12-04 22:42:29,"Расширенное микробиологическое (культуральное) исследование отделяемого мочеполовых органов на аэробную, анаэробную, микроаэрофильную, грибковую флору с определением чувствительности к антимикробным химиотерапевтическим и антимикотическим препаратам",Бактериологические исследования (анализы),,3 940,БудьЗдоров
388,2023-12-04 22:42:29,"Анализ мазка из носа на палочку коклюша (Bordetella pertussis), паракоклюша (Bordetella parapertussis, Bordetella bronchiseptica",Бактериологические исследования (анализы),,1 580,БудьЗдоров
389,2023-12-04 22:42:29,Анализ соскобов с ногтевых пластинок на грибы дерматофиты (Dermatophytes),Бактериологические исследования (анализы),,730,БудьЗдоров
390,2023-12-04 22:42:29,Анализ ногтевых пластинок на дрожжевые грибы (Candida) с определением чувствительности к антимикотическим препаратам,Бактериологические исследования (анализы),,870,БудьЗдоров
391,2023-12-04 22:42:29,"Анализ содержимого десневого кармана на аэробную, капнофильную, анаэробную микрофлору и дрожжевые грибы с определением чувствительности к антимикотическим и антимикробным химиотерапевтическим препаратам",Бактериологические исследования (анализы),,4 330,БудьЗдоров
392,2023-12-04 22:42:29,Микробиологическое (культуральное) исследование кала на бета-гемолитический стрептококк группы В (Streptococcus agalactia) с определением чувствительности к антимикробным химиотерапевтическим препаратам,Бактериологические исследования (анализы),,1 200,БудьЗдоров
393,2023-12-04 22:42:29,Анализ молока из одной молочной железы на аэробные и факультативно-анаэробные микроорганизмы с определением чувствительности к антимикробным химиотерапевтическим препаратам,Бактериологические исследования (анализы),,1 390,БудьЗдоров
394,2023-12-04 22:42:29,Коагулограмма (ПТИ+МНО+АЧТВ+ТВ+фибриноген),Гематологические исследования,,865,БудьЗдоров
395,2023-12-04 22:42:29,Определение концентрации Д-димера в крови,Гематологические исследования,,1 830,БудьЗдоров
396,2023-12-04 22:42:29,"Исследование протромбинового (тромбопластинового) времени в крови/плазме (ПТИ), международного нормализованного отношения (МНО)",Гематологические исследования,,290,БудьЗдоров
397,2023-12-04 22:42:29,"Исследование уровня растворимых фибринмономерных комплексов (РФМК), концентрации Д-димера в крови - параметров активации свертывания крови, паракоагуляции",Гематологические исследования,,2 045,БудьЗдоров
398,2023-12-04 22:42:29,Исследование уровня фибриногена в крови,Гематологические исследования,,350,БудьЗдоров
399,2023-12-04 22:42:29,АЧТВ (АПТВ) Активированное частичное тромбопластиновое время,Гематологические исследования,,220,БудьЗдоров
400,2023-12-04 22:42:29,Определение активности антитромбина III в крови,Гематологические исследования,,465,БудьЗдоров
401,2023-12-04 22:42:29,Определение тромбинового времени в крови,Гематологические исследования,,255,БудьЗдоров
402,2023-12-04 22:42:29,Определение волчаночного антикоагулянта в плазме,Гематологические исследования,,990,БудьЗдоров
403,2023-12-04 22:42:29,Исследование уровня растворимых фибринмономерных комплексов в крови,Гематологические исследования,,225,БудьЗдоров
404,2023-12-04 22:42:29,Определение активности протеина S в крови,Гематологические исследования,,1 580,БудьЗдоров
405,2023-12-04 22:42:29,Исследование уровня протеина C в крови,Гематологические исследования,,1 580,БудьЗдоров
406,2023-12-04 22:42:29,Генетический скрининг при планировании беременности,Анализы на генетические предрасположенности к заболеваниям,,9 000,БудьЗдоров
407,2023-12-04 22:42:29,Генетическое исследование резус-фактора плода по крови матери,Анализы на генетические предрасположенности к заболеваниям,,11 900,БудьЗдоров
408,2023-12-04 22:42:29,Пренатальный генетический скрининг Пренетикс,Анализы на генетические предрасположенности к заболеваниям,,29 700,БудьЗдоров
409,2023-12-04 22:42:29,Генетическое исследование на наследственный рак,Анализы на генетические предрасположенности к заболеваниям,,7 300,БудьЗдоров
410,2023-12-04 22:42:29,"Определение группы крови (по системе AB0, антигена D системы Резус (резус-фактор)",Анализы на генетические предрасположенности к заболеваниям,,320,БудьЗдоров
411,2023-12-04 22:42:29,"Фенотипирование эритроцитов по антигенам системы Rh (C, E, c, e) и Kell (K)",Анализы на генетические предрасположенности к заболеваниям,,970,БудьЗдоров
412,2023-12-04 22:42:29,Непрямой антиглобулиновый тест (тест Кумбса),Анализы на генетические предрасположенности к заболеваниям,,930,БудьЗдоров
413,2023-12-04 22:42:29,"Исследование эндоскопического материала (пищевода, желудка, кишки)",Гистологические исследования,,3 370,БудьЗдоров
414,2023-12-04 22:42:29,Исследование биопсийного материала шейки матки/цервикального канала/влагалища,Гистологические исследования,,3 370,БудьЗдоров
415,2023-12-04 22:42:29,Исследование биопсийного материала кожных и подкожных новообразований,Гистологические исследования,,3 370,БудьЗдоров
416,2023-12-04 22:42:29,Исследование биопсийного материала костей и хрящевой ткани,Гистологические исследования,,5 620,БудьЗдоров
417,2023-12-04 22:42:29,Исследование пайпель-биопсии эндометрия,Гистологические исследования,,3 370,БудьЗдоров
418,2023-12-04 22:42:29,Исследование эндоскопического материала + выявление Helicobacter pylori,Гистологические исследования,,3 370,БудьЗдоров
419,2023-12-04 22:42:29,"Исследование биопсийного материала полости рта, языка, носоглотки, слюнных желез",Гистологические исследования,,3 370,БудьЗдоров
420,2023-12-04 22:42:29,Исследование биопсийного материала тканей сустава,Гистологические исследования,,3 370,БудьЗдоров
421,2023-12-04 22:42:29,Иммуногистохимическое исследование (1 антитело),Гистологические исследования,,3 370,БудьЗдоров
422,2023-12-04 22:42:29,Иммуногистохимическая диагностика рецепторного статуса эндометрия (стадия секреции) - расширенное,Гистологические исследования,,12 800,БудьЗдоров
423,2023-12-04 22:42:29,Исследование пункционного материала молочной железы,Гистологические исследования,,3 370,БудьЗдоров
424,2023-12-04 22:42:29,Исследование пункционного материала щитовидной железы,Гистологические исследования,,3 370,БудьЗдоров
425,2023-12-04 22:42:29,Иммуногистохимическая диагностика хронического эндометрита (фаза пролиферации),Гистологические исследования,,8 800,БудьЗдоров
426,2023-12-04 22:42:29,Иммуногистохимическая диагностика рецепторного статуса эндометрия (стадия секреции) - стандартное,Гистологические исследования,,10 400,БудьЗдоров
427,2023-12-04 22:42:29,Исследование биопсийного материала лимфоузлов,Гистологические исследования,,3 370,БудьЗдоров
428,2023-12-04 22:42:29,Консультация готового гистологического препарата (за один препарат при количестве препаратов - от 1 до 5),Гистологические исследования,,4 800,БудьЗдоров
429,2023-12-04 22:42:29,"Иммуногистохимическая диагностика рецепторного статуса рака молочной железы (PR, ER, ki67, Her2neu)",Гистологические исследования,,13 685,БудьЗдоров
430,2023-12-04 22:42:29,Исследование пункционного материала других органов и тканей,Гистологические исследования,,3 370,БудьЗдоров
431,2023-12-04 22:42:29,Консультация готовых гистологических препаратов (за весь биоматериал при количестве препаратов - 6 и более),Гистологические исследования,,17 520,БудьЗдоров
432,2023-12-04 22:42:29,Анализ крови на тиреотропный гормон (ТТГ),Анализы на гормоны,,580,БудьЗдоров
433,2023-12-04 22:42:29,Анализ крови на свободный тироксин (СТ4),Анализы на гормоны,,700,БудьЗдоров
434,2023-12-04 22:42:29,Анализ на пролактин в крови,Анализы на гормоны,,445,БудьЗдоров
435,2023-12-04 22:42:29,Антитела к тиреопероксидазе в крови,Анализы на гормоны,,700,БудьЗдоров
436,2023-12-04 22:42:29,Анализ крови на инсулин,Анализы на гормоны,,690,БудьЗдоров
437,2023-12-04 22:42:29,Исследование уровня свободного трийодтиронина (СТ3) в крови,Анализы на гормоны,,700,БудьЗдоров
438,2023-12-04 22:42:29,Исследование уровня фолликулостимулирующего гормона в сыворотке крови,Анализы на гормоны,,445,БудьЗдоров
439,2023-12-04 22:42:29,Исследование уровня лютеинизирующего гормона в сыворотке крови,Анализы на гормоны,,445,БудьЗдоров
440,2023-12-04 22:42:29,Исследование уровня общего эстрадиола в крови,Анализы на гормоны,,445,БудьЗдоров
441,2023-12-04 22:42:29,"Исследование уровня хорионического гонадотропина в крови (a,b-ХГЧ), в т.ч. для диагностики беременности",Анализы на гормоны,,665,БудьЗдоров
442,2023-12-04 22:42:29,Анализ на общий тестостерон в крови,Анализы на гормоны,,445,БудьЗдоров
443,2023-12-04 22:42:29,Анализ на паратиреоидный гормон в крови,Анализы на гормоны,,795,БудьЗдоров
444,2023-12-04 22:42:29,Антитела к тироглобулину в сыворотке крови,Анализы на гормоны,,700,БудьЗдоров
445,2023-12-04 22:42:29,"Исследование уровня свободного тестостерона в крови (расчетным методом, с определением общего тестостерона, ГСПГ и альбумина)",Анализы на гормоны,,1 450,БудьЗдоров
446,2023-12-04 22:42:29,Исследование уровня общего кортизола в крови,Анализы на гормоны,,580,БудьЗдоров
447,2023-12-04 22:42:29,Анализ прогестерона в крови,Анализы на гормоны,,445,БудьЗдоров
448,2023-12-04 22:42:29,Исследование уровня 17-гидроксипрогестерона в крови,Анализы на гормоны,,965,БудьЗдоров
449,2023-12-04 22:42:29,Анализ на кальцитонин в крови,Анализы на гормоны,,1 090,БудьЗдоров
450,2023-12-04 22:42:29,Исследование уровня дегидроэпиандростерона сульфата в крови,Анализы на гормоны,,445,БудьЗдоров
451,2023-12-04 22:42:29,Исследование уровня дигидротестостерона в крови,Анализы на гормоны,,1 035,БудьЗдоров
452,2023-12-04 22:42:29,Анализ на C-пептид в крови,Анализы на гормоны,,845,БудьЗдоров
453,2023-12-04 22:42:29,"Анализ крови на глобулин, связывающий половые гормоны",Анализы на гормоны,,755,БудьЗдоров
454,2023-12-04 22:42:29,Антитела к рецептору тиреотропного гормона (ТТГ) в крови,Анализы на гормоны,,1 590,БудьЗдоров
455,2023-12-04 22:42:29,Исследование уровня альдостерона в крови,Анализы на гормоны,,730,БудьЗдоров
456,2023-12-04 22:42:29,"Определение фракций пролактина в крови (мономерный пролактин, макропролактин) методом ПЭГ-преципитации, включая определение общего пролактина",Анализы на гормоны,,1 450,БудьЗдоров
457,2023-12-04 22:42:29,Анализ крови на ренин,Анализы на гормоны,,1 795,БудьЗдоров
458,2023-12-04 22:42:29,Анализ на андростендион в крови,Анализы на гормоны,,795,БудьЗдоров
459,2023-12-04 22:42:29,Анализ на АМГ антимюллеров гормон в крови,Анализы на гормоны,,1 360,БудьЗдоров
460,2023-12-04 22:42:29,Исследование уровня адренокортикотропного гормона в крови,Анализы на гормоны,,970,БудьЗдоров
461,2023-12-04 22:42:29,Анализ крови на тиреоглобулин,Анализы на гормоны,,845,БудьЗдоров
462,2023-12-04 22:42:29,Анализ мочи на свободный кортизол,Анализы на гормоны,,465,БудьЗдоров
463,2023-12-04 22:42:29,Анализ крови на лептин,Анализы на гормоны,,955,БудьЗдоров
464,2023-12-04 22:42:29,"Анализ мочи на промежуточные метаболиты катехоламинов (метанефрин, норметафрин)",Анализы на гормоны,,2 060,БудьЗдоров
465,2023-12-04 22:42:29,Анализ на соматомедин С (Инсулиноподобный фактор роста 1),Анализы на гормоны,,1 055,БудьЗдоров
466,2023-12-04 22:42:29,Анализ на остеокальцин в крови,Анализы на гормоны,,1 090,БудьЗдоров
467,2023-12-04 22:42:29,Анализ на ингибин B в крови,Анализы на гормоны,,1 360,БудьЗдоров
468,2023-12-04 22:42:29,Анализ крови на соматотропный гормон СТГ,Анализы на гормоны,,845,БудьЗдоров
469,2023-12-04 22:42:29,Анализ на серотонин в крови,Анализы на гормоны,,1 145,БудьЗдоров
470,2023-12-04 22:42:29,"Анализ на катехоламины в крови (адреналин, норадреналин, дофамин)",Анализы на гормоны,,2 730,БудьЗдоров
471,2023-12-04 22:42:29,Исследования уровня бетта-изомеризованного C-концевого телопептида коллагена 1 типа (beta- cross laps) в крови,Анализы на гормоны,,1 245,БудьЗдоров
472,2023-12-04 22:42:29,Анализ на свободный b-ХГЧ,Анализы на гормоны,,845,БудьЗдоров
473,2023-12-04 22:42:29,Анализ крови на гастрин,Анализы на гормоны,,1 090,БудьЗдоров
474,2023-12-04 22:42:29,Исследование уровня свободного эстриола в крови,Анализы на гормоны,,755,БудьЗдоров
475,2023-12-04 22:42:29,Исследования уровня N-терминального пропептида проколлагена 1-го типа (P1NP) в крови,Анализы на гормоны,,1 680,БудьЗдоров
476,2023-12-04 22:42:29,Анализ на антитела к микросомальной фракции тироцитов АТ- МАГ,Анализы на гормоны,,630,БудьЗдоров
477,2023-12-04 22:42:29,Анализ мочи на дезоксипиридинолин,Анализы на гормоны,,2 450,БудьЗдоров
478,2023-12-04 22:42:29,"Исследование катехоламинов (моча): адреналин, норадреналин, дофамин",Анализы на гормоны,,2 060,БудьЗдоров
479,2023-12-04 22:42:29,"Исследование уровня белка A, связанного с беременностью, в крови (PAPP-A)",Анализы на гормоны,,1 310,БудьЗдоров
480,2023-12-04 22:42:29,Определение T-Uptake (тироксин-связывающей способности),Анализы на гормоны,,1 320,БудьЗдоров
481,2023-12-04 22:42:29,Анализ мочи на 17-кетостероиды ,Анализы на гормоны,,1 380,БудьЗдоров
482,2023-12-04 22:42:29,Анализ на иммуноглобулин A в крови,Иммунологические исследования (анализы),,565,БудьЗдоров
483,2023-12-04 22:42:29,Анализ на иммуноглобулин G в крови,Иммунологические исследования (анализы),,565,БудьЗдоров
484,2023-12-04 22:42:29,Исследование уровня иммуноглобулина M в крови,Иммунологические исследования (анализы),,565,БудьЗдоров
485,2023-12-04 22:42:29,"Исследование основных параметров клеточного иммунитета: подсчет лейкоцитов, лимфоцитов, нейтрофилов, CD3, CD4, CD8, CD16, CD19, CD56",Иммунологические исследования (анализы),,4 800,БудьЗдоров
486,2023-12-04 22:42:29,Определение способности к фагоцитозу и степени спонтанного кислородного метаболизма (НСТ-тест и латекс-тест),Иммунологические исследования (анализы),,505,БудьЗдоров
487,2023-12-04 22:42:29,Панавир - определение чувствительности,Иммунологические исследования (анализы),,815,БудьЗдоров
488,2023-12-04 22:42:29,Полиоксидоний - определение чувствительности,Иммунологические исследования (анализы),,815,БудьЗдоров
489,2023-12-04 22:42:29,Реальдирон - определение чувствительности,Иммунологические исследования (анализы),,815,БудьЗдоров
490,2023-12-04 22:42:29,Тимоген - определение чувствительности,Иммунологические исследования (анализы),,815,БудьЗдоров
491,2023-12-04 22:42:29,Реаферон - определение чувствительности,Иммунологические исследования (анализы),,815,БудьЗдоров
492,2023-12-04 22:42:29,Циклоферон - определение чувствительности,Иммунологические исследования (анализы),,815,БудьЗдоров
493,2023-12-04 22:42:29,Исследование уровня С3 фракции комплемента в крови,Иммунологические исследования (анализы),,755,БудьЗдоров
494,2023-12-04 22:42:29,Исследование уровня С4 фракции комплемента в крови,Иммунологические исследования (анализы),,755,БудьЗдоров
495,2023-12-04 22:42:29,Интерфероновый статус без определения чувствительности лейкоцитов к препаратам,Иммунологические исследования (анализы),,2 360,БудьЗдоров
496,2023-12-04 22:42:29,Интрон - определение чувствительности,Иммунологические исследования (анализы),,815,БудьЗдоров
497,2023-12-04 22:42:29,Определение Интерлейкина-6 (IL-6),Иммунологические исследования (анализы),,2 475,БудьЗдоров
498,2023-12-04 22:42:29,Исследование уровня циркулирующих иммунных комплексов в крови,Иммунологические исследования (анализы),,930,БудьЗдоров
499,2023-12-04 22:42:29,Исследование фактора некроза опухоли в сыворотке крови,Иммунологические исследования (анализы),,1 845,БудьЗдоров
500,2023-12-04 22:42:29,Галавит - определение чувствительности,Иммунологические исследования (анализы),,815,БудьЗдоров
501,2023-12-04 22:42:29,Амиксин - определение чувствительности,Иммунологические исследования (анализы),,815,БудьЗдоров
502,2023-12-04 22:42:29,Неовир - определение чувствительности,Иммунологические исследования (анализы),,815,БудьЗдоров
503,2023-12-04 22:42:29,Кагоцел - определение чувствительности,Иммунологические исследования (анализы),,815,БудьЗдоров
504,2023-12-04 22:42:29,Виферон - определение чувствительности,Иммунологические исследования (анализы),,815,БудьЗдоров
505,2023-12-04 22:42:29,Аллокин - альфа - определение чувствительности,Иммунологические исследования (анализы),,815,БудьЗдоров
506,2023-12-04 22:42:29,Иммунал - определение чувствительности,Иммунологические исследования (анализы),,815,БудьЗдоров
507,2023-12-04 22:42:29,Арбидол - определение чувствительности,Иммунологические исследования (анализы),,815,БудьЗдоров
508,2023-12-04 22:42:29,Гаммаферон - определение чувствительности,Иммунологические исследования (анализы),,815,БудьЗдоров
509,2023-12-04 22:42:29,Иммуномакс - определение чувствительности,Иммунологические исследования (анализы),,815,БудьЗдоров
510,2023-12-04 22:42:29,Ликопид - определение чувствительности,Иммунологические исследования (анализы),,815,БудьЗдоров
511,2023-12-04 22:42:29,Веллферон - определение чувствительности,Иммунологические исследования (анализы),,815,БудьЗдоров
512,2023-12-04 22:42:29,Генферон - определение чувствительности,Иммунологические исследования (анализы),,815,БудьЗдоров
513,2023-12-04 22:42:29,Имунорикс - определение чувствительности,Иммунологические исследования (анализы),,815,БудьЗдоров
514,2023-12-04 22:42:29,Гриппферон - определение чувствительности,Иммунологические исследования (анализы),,1 085,БудьЗдоров
515,2023-12-04 22:42:29,Имунофан - определение чувствительности,Иммунологические исследования (анализы),,815,БудьЗдоров
516,2023-12-04 22:42:29,Ингарон - определение чувствительности,Иммунологические исследования (анализы),,815,БудьЗдоров
517,2023-12-04 22:42:29,Интераль - определение чувствительности,Иммунологические исследования (анализы),,815,БудьЗдоров
518,2023-12-04 22:42:29,"Анализ влагалищных мазков (C, V)",Микроскопические исследования,,730,БудьЗдоров
519,2023-12-04 22:42:29,Анализ биоматериала на грибы,Микроскопические исследования,,1 125,БудьЗдоров
520,2023-12-04 22:42:29,Анализ уретрального отделяемого и сока простаты,Микроскопические исследования,,730,БудьЗдоров
521,2023-12-04 22:42:29,Риноцитограмма (микроскопия мазка из носа),Микроскопические исследования,,730,БудьЗдоров
522,2023-12-04 22:42:29,Анализ отделяемого из уретры (U),Микроскопические исследования,,605,БудьЗдоров
523,2023-12-04 22:42:29,Анализ нативного и окрашенного препарата мокроты,Микроскопические исследования,,565,БудьЗдоров
524,2023-12-04 22:42:29,Анализ соскоба с кожи на клещей (Демодекс),Микроскопические исследования,,595,БудьЗдоров
525,2023-12-04 22:42:29,Анализ соскоба с кожи на клещей (Sarcoptes (Acarus) scabiei (чесоточный клещ)),Микроскопические исследования,,530,БудьЗдоров
526,2023-12-04 22:42:29,Микроскопия содержимого конъюнктивной полости,Микроскопические исследования,,530,БудьЗдоров
527,2023-12-04 22:42:29,"Определение ДНК вирусов папилломы человека низкого (HPV 6, 11, 44) и высокого (тип HPV 16, 18, 26, 31, 33, 35, 39, 45, 51, 52, 53, 56, 58, 59, 66, 68, 73, 82) онкогенного риска, количественное исследование",Молекулярно-биологические исследования,,1 830,БудьЗдоров
528,2023-12-04 22:42:29,"Определение ДНК хламидии трахоматис (Chlamydia trachomatis) (№1) - качественное исследование, соскоб из урогенитального тракта",Молекулярно-биологические исследования,,290,БудьЗдоров
529,2023-12-04 22:42:29,"Определение ДНК микоплазмы гениталиум (Mycoplasma genitalium) (№3) - качественное исследование, соскоб из урогенитального тракта",Молекулярно-биологические исследования,,445,БудьЗдоров
530,2023-12-04 22:42:29,Фемофлор - скрининг (цервикальный соскоб),Молекулярно-биологические исследования,,1 360,БудьЗдоров
531,2023-12-04 22:42:29,Фемофлор - скрининг (вагинальный соскоб),Молекулярно-биологические исследования,,1 360,БудьЗдоров
532,2023-12-04 22:42:29,Фемофлор - комплекс (вагинальный соскоб),Молекулярно-биологические исследования,,1 885,БудьЗдоров
533,2023-12-04 22:42:29,"Определение ДНК уреаплазмы уреалитикум (Т-960) (Ureaplasma urealyticum) (№4) - качественное исследование, соскоб из урогенитального тракта",Молекулярно-биологические исследования,,445,БудьЗдоров
534,2023-12-04 22:42:29,Фемофлор - комплекс (цервикальный соскоб),Молекулярно-биологические исследования,,2 315,БудьЗдоров
535,2023-12-04 22:42:29,"Определение ДНК микоплазмы хоминис (Mycoplasma hominis) (№2) - качественное исследование, соскоб из урогенитального тракта",Молекулярно-биологические исследования,,270,БудьЗдоров
536,2023-12-04 22:42:29,"Определение ДНК трихомонас вагиналис (Trichomonas vaginalis) (№5) - качественное исследование, соскоб из урогенитального тракта",Молекулярно-биологические исследования,,290,БудьЗдоров
537,2023-12-04 22:42:29,"Определение ДНК нейсерии гонореи (Neisseria gonorrhoeae) – (№9) - качественное исследование, соскоб из урогенитального тракта",Молекулярно-биологические исследования,,270,БудьЗдоров
538,2023-12-04 22:42:29,"Определение ДНК гарднереллы вагиналис (Gardnerella vaginalis) (№6) - качественное исследование, соскоб из урогенитального тракта",Молекулярно-биологические исследования,,445,БудьЗдоров
539,2023-12-04 22:42:29,Андрофлор,Молекулярно-биологические исследования,,2 830,БудьЗдоров
540,2023-12-04 22:42:29,"Определение ДНК вируса Эпштейна-Барр, возбудителя инфекционного мононуклеоза (EBV, Epstein - Barr virus) - качественное исследование, соскобы эпителия ротоглотки",Молекулярно-биологические исследования,,555,БудьЗдоров
541,2023-12-04 22:42:29,"Определение ДНК вируса простого герпеса 1, 2 типов (Herpes symplex 1,2) (№8) - качественное исследование, соскоб из урогенитального тракта",Молекулярно-биологические исследования,,440,БудьЗдоров
542,2023-12-04 22:42:29,"Определение ДНК уреаплазмы парвум (Ureaplasma parvum) - качественное исследование, соскоб из урогенитального тракта",Молекулярно-биологические исследования,,445,БудьЗдоров
543,2023-12-04 22:42:29,"Определение ДНК цитомегаловируса (ЦМВ, Сytomegalovirus) - качественное исследование, соскоб эпителия ротоглотки, конъюнктивы",Молекулярно-биологические исследования,,445,БудьЗдоров
544,2023-12-04 22:42:29,"Определение ДНК вируса герпеса человека VI типа - качественное исследование, соскоб из ротоглотки",Молекулярно-биологические исследования,,445,БудьЗдоров
545,2023-12-04 22:42:29,"Определение ДНК кандиды альбиканс (Candida albicans) – (№7) - качественное исследование, соскоб из урогенитального тракта",Молекулярно-биологические исследования,,445,БудьЗдоров
546,2023-12-04 22:42:29,"Определение ДНК вируса простого герпеса 1, 2 типов (Herpes symplex 1,2) - качественное исследование, соскоб из ротоглотки, слизистой глаза, носа, содержимое пустул, везикул, язв, слюна",Молекулярно-биологические исследования,,445,БудьЗдоров
547,2023-12-04 22:42:29,"Определение ДНК уреаплазм спп - парвум+уреалитикум (Ureaplasma spp - Parvum+Urealyticum) - качественное исследование, соскоб из урогенитального тракта",Молекулярно-биологические исследования,,795,БудьЗдоров
548,2023-12-04 22:42:29,"Определение ДНК цитомегаловируса (Сytomegalovirus) (№12) - качественное исследование, соскоб урогенитального тракта",Молекулярно-биологические исследования,,445,БудьЗдоров
549,2023-12-04 22:42:29,"Комплексное исследование возбудителей острых кишечных инфекций в кале методом ПЦР: Микроорганизмы рода Шигелла, Сальмонелла, Кампилобактер, Аденовирусы, Ротавирусы, Норовирусы, Астровирусы.",Молекулярно-биологические исследования,,2 495,БудьЗдоров
550,2023-12-04 22:42:29,"Определение РНК неполиомиелитных энтеровирусов в комплексе, качественное исследование",Молекулярно-биологические исследования,,1 030,БудьЗдоров
551,2023-12-04 22:42:29,"Определение ДНК Комплекс ИППП: 1+2+3+4+5+9 - качественное исследование, соскоб из урогенитального тракта",Молекулярно-биологические исследования,,1 480,БудьЗдоров
552,2023-12-04 22:42:29,"Иммунохроматографическое экспресс-исследование носоглоточного мазка на вирус гриппа A, В",Молекулярно-биологические исследования,,1 660,БудьЗдоров
553,2023-12-04 22:42:29,"Определение ДНК вируса герпеса человека VI типа (HHV6) - качественное исследование, венозная кровь с ЭДТА",Молекулярно-биологические исследования,,415,БудьЗдоров
554,2023-12-04 22:42:29,"Определение ДНК вируса ветряной оспы и опоясывающего лишая (Varicella-Zoster virus) - качественное исследование, соскобы эпителиальных клеток, содержимое пустул, везикул, язв",Молекулярно-биологические исследования,,395,БудьЗдоров
555,2023-12-04 22:42:29,Определение аллеля HLA-B27 гена MHC-I,Молекулярно-биологические исследования,,2 890,БудьЗдоров
556,2023-12-04 22:42:29,"Определение полиморфизмов, ассоциированных с развитием синдрома Жильбера",Молекулярно-биологические исследования,,4 780,БудьЗдоров
557,2023-12-04 22:42:29,"Определение ДНК вирусов папилломы человека низкого (HPV 6, 11) и высокого (тип HPV 16, 18) онкогенного риска, количественное исследование",Молекулярно-биологические исследования,,585,БудьЗдоров
558,2023-12-04 22:42:29,"Определение ДНК вируса Эпштейна-Барр - возбудителя инфекционного мононуклеоза - (Epstein - Barr virus) - качественное исследование, венозная кровь с ЭДТА",Молекулярно-биологические исследования,,355,БудьЗдоров
559,2023-12-04 22:42:29,"Определение ДНК Комплекс 10: 1+2+3+4+5+6+7+8+9+12 - качественное исследование, соскоб из урогенитального тракта",Молекулярно-биологические исследования,,2 950,БудьЗдоров
560,2023-12-04 22:42:29,"Определение ДНК цитомегаловируса (Сytomegalovirus) – качественное исследование, венозная кровь с ЭДТА",Молекулярно-биологические исследования,,440,БудьЗдоров
561,2023-12-04 22:42:29,"Определение РНК возбудителя гепатита С (HСV, Hepatitis C virus) – качественное исследование, венозная кровь с ЭДТА",Молекулярно-биологические исследования,,640,БудьЗдоров
562,2023-12-04 22:42:29,"Определение ДНК Микоплазмы Пневмония (Mycoplasma pneumoniae) и ДНК Хламидофилы пневмония (Chlamydophila pneumoniae) - качественное исследование, в мазках со слизистой оболочки носоглотки методом ПЦР",Молекулярно-биологические исследования,,1 430,БудьЗдоров
563,2023-12-04 22:42:29,"Исследование полиморфизмов, связанных с нарушением метаболизма лактозы",Молекулярно-биологические исследования,,1 450,БудьЗдоров
564,2023-12-04 22:42:29,"Определение ДНК возбудителей коклюша (Bordetella pertussis, Bordetella parapertussis, Bordetella bronchiseptica) в мазках со слизистой оболочки носоглотки методом ПЦР",Молекулярно-биологические исследования,,480,БудьЗдоров
565,2023-12-04 22:42:29,"Определение ДНК вируса простого герпеса 1, 2 типов (Herpes symplex 1,2) - качественное исследование, венозная кровь с ЭДТА",Молекулярно-биологические исследования,,415,БудьЗдоров
566,2023-12-04 22:42:29,"Определение полиморфизмов, ассоциированных с риском развития тромбофилии",Молекулярно-биологические исследования,,4 485,БудьЗдоров
567,2023-12-04 22:42:29,"Определение ДНК возбудителя Гепатита В (HBV, Hepatitis B virus) - количественное исследование, венозная кровь с ЭДТА",Молекулярно-биологические исследования,,1 905,БудьЗдоров
568,2023-12-04 22:42:29,"Определение ДНК возбудителя гепатита В (HBV, Hepatitis B virus) – качественное исследование, венозная кровь с ЭДТА",Молекулярно-биологические исследования,,640,БудьЗдоров
569,2023-12-04 22:42:29,Определение ДНК иерсинии (Yersinia enterocolitica) - качественное исследование,Молекулярно-биологические исследования,,536,БудьЗдоров
570,2023-12-04 22:42:29,"Определение РНК возбудителя Гепатита С (HСV, Hepatitis C virus) - количественное исследование, венозная кровь с ЭДТА",Молекулярно-биологические исследования,,3 970,БудьЗдоров
571,2023-12-04 22:42:29,"Определение ДНК гемолитического стрептококка (Streptococcus pyogenes) - качественное исследование, соскоб из ротоглотки",Молекулярно-биологические исследования,,450,БудьЗдоров
572,2023-12-04 22:42:29,"Вирус гепатита С, определение РНК генотипирование (HCV-RNA genotyping) - венозная кровь с ЭДТА",Молекулярно-биологические исследования,,965,БудьЗдоров
573,2023-12-04 22:42:29,Молекулярно-биологическое исследование мазков со слизистой оболочки носоглотки на вирус гриппа (Influenza virus),Молекулярно-биологические исследования,,1 630,БудьЗдоров
574,2023-12-04 22:42:29,"Определение ДНК кандиды альбиканс (Candida albicans) - качественное исследование, соскоб со слизистой ротоглотки, носа, глаза",Молекулярно-биологические исследования,,445,БудьЗдоров
575,2023-12-04 22:42:29,"Определение ДНК вируса ветряной оспы и опоясывающего лишая (Varicella-Zoster virus) - качественное исследование, венозная кровь с ЭДТА",Молекулярно-биологические исследования,,415,БудьЗдоров
576,2023-12-04 22:42:29,"Определение полиморфизмов, ассоциированных с риском возникновения РМЖ (молекулярно-генетическое исследование на наличие мутаций в генах BRCA1, BRCA2, CHEK2)",Молекулярно-биологические исследования,,6 615,БудьЗдоров
577,2023-12-04 22:42:29,"Определение полиморфизмов, ассоциированных с нарушением фолатного цикла",Молекулярно-биологические исследования,,3 030,БудьЗдоров
578,2023-12-04 22:42:29,"Определение ДНК хламидии трахоматис (Chlamydia trachomatis) - качественное исследование, соскоб со слизистой ротоглотки, носа, глаза",Молекулярно-биологические исследования,,270,БудьЗдоров
579,2023-12-04 22:42:29,"Определение ДНК токсоплазмы гонди (Toxoplasma gondii) - качественное исследование, венозная кровь с ЭДТА",Молекулярно-биологические исследования,,440,БудьЗдоров
580,2023-12-04 22:42:29,"Определение РНК возбудителя Гепатита А (Hepatitis A virus)- качественное исследование, венозная кровь с ЭДТА",Молекулярно-биологические исследования,,860,БудьЗдоров
581,2023-12-04 22:42:29,"Определение ДНК токсоплазмы гонди (Toxoplasma gondi) - качественное исследование, соскобы эпителия ротоглотки, кожи",Молекулярно-биологические исследования,,450,БудьЗдоров
582,2023-12-04 22:42:29,"Определение ДНК легионеллы пневмофила (Legionella pneumophila) - качественное исследование, соскоб из ротоглотки",Молекулярно-биологические исследования,,450,БудьЗдоров
583,2023-12-04 22:42:29,"Определение ДНК гонококка (Neisseria gonorrhoeae) – качественное исследование, соскоб со слизистой глаза",Молекулярно-биологические исследования,,290,БудьЗдоров
584,2023-12-04 22:42:29,Общий анализ крови,Общий анализ крови (ОАК) в СПБ,,630,БудьЗдоров
585,2023-12-04 22:42:29,Взятие крови из периферической вены/из пальца,Общий анализ крови (ОАК) в СПБ,,290,БудьЗдоров
586,2023-12-04 22:42:29,Анализ эритроцитов в крови,Общий анализ крови (ОАК) в СПБ,,130,БудьЗдоров
587,2023-12-04 22:42:29,Анализ свертывания крови,Общий анализ крови (ОАК) в СПБ,,225,БудьЗдоров
588,2023-12-04 22:42:29,Анализ тромбоцитов в крови,Общий анализ крови (ОАК) в СПБ,,255,БудьЗдоров
589,2023-12-04 22:42:29,Анализ ретикулоцитов в крови,Общий анализ крови (ОАК) в СПБ,,310,БудьЗдоров
590,2023-12-04 22:42:29,Анализ крови ПСА (простатспецифический антиген общий),Онкомаркеры (анализы на рак),,755,БудьЗдоров
591,2023-12-04 22:42:29,Исследование уровня антигена аденогенных раков CA 125 в крови,Онкомаркеры (анализы на рак),,820,БудьЗдоров
592,2023-12-04 22:42:29,Анализ крови ПСА (простатспецифический антиген свободный),Онкомаркеры (анализы на рак),,755,БудьЗдоров
593,2023-12-04 22:42:29,Определение секреторного белка эпидидимиса человека 4 (HE4) в крови,Онкомаркеры (анализы на рак),,2 675,БудьЗдоров
594,2023-12-04 22:42:29,Исследование уровня антигена аденогенных раков CA 19-9 в крови,Онкомаркеры (анализы на рак),,820,БудьЗдоров
595,2023-12-04 22:42:29,Исследование уровня ракового эмбрионального антигена в крови (РЭА или CEA),Онкомаркеры (анализы на рак),,725,БудьЗдоров
596,2023-12-04 22:42:29,Исследование уровня альфа-фетопротеина в сыворотке крови,Онкомаркеры (анализы на рак),,845,БудьЗдоров
597,2023-12-04 22:42:29,Исследование уровня антигена аденогенных раков CA 72-4 в крови,Онкомаркеры (анализы на рак),,1 145,БудьЗдоров
598,2023-12-04 22:42:29,Исследование уровня опухолеассоциированного маркера СА 15-3 в крови,Онкомаркеры (анализы на рак),,845,БудьЗдоров
599,2023-12-04 22:42:29,Исследование уровня антигена плоскоклеточной карциномы (SCC) в крови,Онкомаркеры (анализы на рак),,985,БудьЗдоров
600,2023-12-04 22:42:29,Исследование уровня опухолеассоциированного маркера СА 242 в крови,Онкомаркеры (анализы на рак),,1 450,БудьЗдоров
601,2023-12-04 22:42:29,Исследование уровня бета-2-микроглобулина в крови,Онкомаркеры (анализы на рак),,905,БудьЗдоров
602,2023-12-04 22:42:29,Исследование уровня бета-2-микроглобулина в моче,Онкомаркеры (анализы на рак),,905,БудьЗдоров
603,2023-12-04 22:42:29,Исследование уровня нейронспецифической енолазы в крови,Онкомаркеры (анализы на рак),,1 590,БудьЗдоров
604,2023-12-04 22:42:29,Исследование уровня растворимого фрагмента цитокератина 19 (CYFRA 21.1) в крови,Онкомаркеры (анализы на рак),,1 120,БудьЗдоров
605,2023-12-04 22:42:29,Определение маркера UBC в моче,Онкомаркеры (анализы на рак),,1 875,БудьЗдоров
606,2023-12-04 22:42:29,"Цитологическое исследование соскоба, мазка с шейки матки, цервикального канала",Цитологические исследования,,1 380,БудьЗдоров
607,2023-12-04 22:42:29,"Цитологическое исследование смешанного мазка/соскоба шейки матки, цервикального канала (Рар-тест)",Цитологические исследования,,1 595,БудьЗдоров
608,2023-12-04 22:42:29,Цитологическое исследование пунктата молочной железы,Цитологические исследования,,1 090,БудьЗдоров
609,2023-12-04 22:42:29,Цитологическое исследование отделяемого из соска молочной железы,Цитологические исследования,,620,БудьЗдоров
610,2023-12-04 22:42:29,Цитологическое исследование пунктата щитовидной железы с пункцией,Цитологические исследования,,1 090,БудьЗдоров
611,2023-12-04 22:42:29,"Цитологическое исследование секретов, экскретов, экссудатов, транссудатов",Цитологические исследования,,700,БудьЗдоров
612,2023-12-04 22:42:29,"Цитологическое исследование отпечатков, соскобов опухолей",Цитологические исследования,,1 090,БудьЗдоров
613,2023-12-04 22:42:29,"Цитологическое исследование соскобов и отпечатков эрозий, язв, ран, свищей",Цитологические исследования,,1 090,БудьЗдоров
614,2023-12-04 22:42:29,Аспират из полости матки,Цитологические исследования,,700,БудьЗдоров
615,2023-12-04 22:42:29,"Цитологическое исследование пунктата другого органа (кроме кожи, молочной, щитовидной железы) с пункцией",Цитологические исследования,,1 090,БудьЗдоров
616,2023-12-04 22:42:29,Цитологическое исследование отпечатка с внутриматочной спирали,Цитологические исследования,,1 090,БудьЗдоров
617,2023-12-04 22:42:29,Цитологическое исследование пунктата кожи,Цитологические исследования,,1 090,БудьЗдоров
618,2023-12-04 22:42:29,Анализ мочи на цитологию,Цитологические исследования,,1 090,БудьЗдоров
619,2023-12-04 22:42:29,Анализ мокроты,Цитологические исследования,,1 090,БудьЗдоров
620,2023-12-04 22:42:29,Цитологическое исследование сока предстательной железы,Цитологические исследования,,620,БудьЗдоров
621,2023-12-04 22:42:29,"Цитологическое исследование материала, полученного при эндоскопии (соскоба, отпечатка, мазка)",Цитологические исследования,,700,БудьЗдоров
