Город,Адреса офисов
Алексин,"['ул. Тульская, д. 129']"
Архангельск,"['проспект Обводный канал, д. 9, корп. 3']"
Баксан,"['ул. Карачаева, д. 2Б']"
Балашиха,"['ул. Ситникова, д. 4', 'мкр. Дзержинского, д. 46', 'мкр. Новое Павлино, Косинское шоссе, д. 2', 'ул. Колхозная, д. 12, корп. 2', 'ул. Советская, д. 15а', 'ул. Жилгородок, д. 7а', 'ул. Кожедуба, д. 10', 'проспект Ленина, д. 7/1', 'ул. Реутовская, д. 5']"
Бисерово,"['мкр. Новое Бисерово-2, д. 20']"
Боброво,"['ЖК Восточное Бутово, ул. Лесная, д. 20, корп. 1']"
Брянск,"['Московский проспект, д. 140']"
Бутово,"['ЖК «Бутово-Парк», д. 14']"
Видное,"['бульвар Зеленые аллеи, д. 6', 'ул. Березовая, д. 9']"
